-0.035880566	-0.03659755	0.042441297	-0.049003698	-0.029588807	-0.034376957	0.009209238	0.0016840585	0.02638549	0.023538243	-0.016013838	-0.021374632	-0.012564696	-0.04010885	-0.029033005	0.015088271	-0.019729007	0.012789432	-0.034084752	0.04882933	0.00052160025	-0.00825138	-0.014884673	0.039429475	0.0441829	0.015992116	0.023439016	0.028591368	0.020940054	0.045998584	0.017839994	0.038969245	0.028943513	-0.015066646	-0.017503776	-0.044724416	0.007206656	-0.02655003	-0.04814836	-0.045760464
0.35611355	-0.9439222	-0.52799124	-0.687977	0.09484823	0.6846912	1.06143	-0.36156365	0.17116614	0.5200054	0.4776306	0.5157562	2.3989902	0.47097585	-0.6713514	-0.5591551	0.59513474	0.11838257	-0.026685411	-0.600495	1.9794488	-0.354287	-0.06329532	0.46061423	-0.2592847	0.6324003	0.12543388	0.33190933	0.9451975	-0.0254701	0.6055062	0.58073497	0.30319098	-1.9892373	0.82932836	-0.2719251	-0.5160276	1.0866512	0.12496178	0.13699582
-0.90777147	-0.1041291	-0.23625396	-0.39823315	-1.5081723	0.18016599	0.80806154	0.11452334	0.27915782	0.92109114	0.26020545	0.30478936	0.5728077	-0.2332314	-0.34074113	0.40935037	1.046495	-0.27267838	0.876207	0.31707326	0.19274493	0.12321729	0.0031509316	-0.5641272	-0.49169812	0.8629798	-0.17182925	0.36667845	0.45290187	-1.060178	-0.17527483	0.010125052	0.042932957	-0.3497993	-0.9732708	-0.120451346	-0.37231594	0.5990507	-0.65928155	-0.11162749
-0.48559088	-1.1890266	0.735699	-0.34905845	0.086122446	-0.6745484	0.22498998	-0.33567965	-0.40626612	-0.25776318	0.7495262	1.3639839	0.40100542	-0.16659014	-1.8386616	-0.52496916	0.11321351	0.9644097	0.4104741	-0.045299996	0.042990223	0.7799328	0.82921964	0.13763383	-0.061759934	-0.8863478	-0.91819614	-1.6910686	-0.891951	-0.31920767	0.24990444	0.62261045	0.13181987	1.1859999	0.5066181	0.5012894	0.21585009	-1.1981398	1.1804053	0.07682673
1.7364537	1.0665325	-0.37372372	-0.124770954	-0.8068339	0.13527301	-1.2013621	-1.1998546	0.37408152	0.73322505	1.0336293	-0.30574813	0.71064585	-0.6336132	-0.49283704	0.24308212	0.54536843	0.87370074	2.266909	0.55435157	-0.6497193	-0.4679261	0.13393997	0.6959053	0.35602027	-1.1279802	-0.1109532	0.50705206	1.6192361	-1.2688704	-0.20450127	-0.19757736	0.79831	1.0209761	1.4701738	0.7099958	0.9413782	1.0714146	0.4007501	-1.4711232
-0.2494414	-0.85281605	0.2467274	-0.5733616	0.8057522	0.17530055	-0.67840374	1.1435889	0.92784226	0.88004905	0.9886227	-1.0029409	-0.19631357	-0.6625754	0.47241786	-0.02829103	0.08691353	0.8315682	-0.508881	-0.37953037	0.55914795	0.2626037	-1.0664643	0.8170732	0.76168245	0.20597291	-0.48589823	-0.21182115	-1.1491438	0.42103463	1.4859968	-1.6895773	0.3492458	-0.840413	-0.7948119	-0.112240985	0.4026041	-1.6909176	-0.08326358	-0.3475396
0.30810428	0.63242704	-1.3790709	0.33367476	-0.7786788	0.3605421	0.85880077	0.64166135	0.32673058	-0.18138577	-0.6213851	0.7283187	1.1318963	-0.051423132	0.29836062	-0.5078938	-0.013519165	-1.0328579	-0.8252851	1.1538639	-1.010864	-0.8009347	0.6247271	-2.8978946	1.8625352	1.4108304	0.36124292	0.4132309	2.252238	1.1236396	-0.3519528	0.41069642	-0.2282384	-0.43770808	0.24570794	-1.472792	-2.8012254	-0.29780284	-0.4947414	-0.45937857
0.35485795	-0.49214968	0.94754165	-0.6265778	1.1715435	-0.5175691	0.6027189	1.2060597	0.6771597	0.7770768	0.26073152	-0.040180247	0.00897789	-0.2502338	-0.028601924	-0.55492276	-0.12057414	0.50436455	0.2203712	0.31249386	0.32479474	0.48799384	0.8719839	-0.34158614	0.3771793	0.18560404	0.038405765	-1.1080997	-0.16383436	-1.0524708	-0.670778	0.83520424	-1.9350544	0.87925917	-0.12562938	1.4659407	-1.8279412	0.3840071	0.030441873	-0.40456453
-0.24106668	0.6049526	0.27658615	-0.926529	-0.083987884	-0.5349478	-0.29758212	0.31022686	0.7023802	-0.086866684	0.949051	0.8271689	-0.27664918	-0.2666663	-0.056092154	-1.3665193	-0.021874415	0.11091085	0.95498997	-0.3206679	-0.61366266	0.0015552243	-0.4904922	0.08464877	0.34863776	0.36148366	0.39926225	0.23718522	-0.0031357135	0.26245162	0.99144983	-0.55171067	-0.27038172	0.3686854	0.29451784	-0.24606642	0.08607185	0.67900074	-0.044551853	0.09117336
-0.012905735	0.67052495	-0.3570602	0.42584437	-0.097531766	-0.36240676	0.78518945	0.5050928	-0.5905514	-0.27535787	0.7956513	-0.63573825	-0.62311095	0.39892352	0.51544726	0.20468713	0.6629677	-0.40746826	-0.71811074	-0.6523697	0.573499	0.6604736	-0.8785379	-0.61428434	-0.18212205	-0.8179081	-0.5222009	-0.6621216	0.64144987	-0.7416209	-0.4923794	0.15450831	0.2853468	0.4724645	0.15636724	0.4471549	0.10497137	0.62341475	-0.32601574	0.3717631
0.45933688	-0.41842932	-0.42883918	0.5745567	-0.61552083	0.8636394	-0.028650701	-0.5170815	0.38525614	-0.07732894	-0.044950716	-0.9338324	-0.2950351	0.19960028	0.27366534	-0.12184685	-0.4136662	0.41118893	0.33700466	-0.5518678	0.15216541	-0.47680938	-0.66696954	0.1425648	0.4672377	-0.059276834	-0.46154758	-0.62178874	0.66988564	-0.036692545	0.8633542	-0.43104696	0.27575472	0.20084469	-0.23521483	1.0884808	-0.2056216	-0.0107710315	0.13007133	-0.3538738
0.3332181	-0.43647513	1.101924	0.5588437	0.038629785	0.22135021	1.1226572	0.48801658	-0.7411355	-0.7333296	2.1367521	1.0214436	-0.7690637	-0.005144738	0.5819441	0.61329985	0.42291108	0.09640992	0.13627665	0.23076214	0.5234494	-0.7544036	0.979683	0.64345706	1.0407228	-0.34588	0.7128525	-1.703874	-0.22007462	0.9747842	0.2610249	1.120339	0.2764975	-0.7076508	-0.399116	0.41768175	-0.096087486	-0.3681957	0.7609021	0.55582637
-0.41292083	0.28941935	-1.199077	0.31884614	0.17164248	1.0924939	0.5029808	0.35622257	-0.23225062	0.74412185	0.19269782	-0.83301467	-0.63829684	-0.47768396	-1.0768366	-0.68234247	0.21058597	-0.26587188	0.4081923	-0.908767	-0.4752008	-0.35523835	0.48177388	0.18252136	-0.7959286	1.0574311	0.5276139	-0.0072265184	0.40840006	-1.5663573	1.1072702	0.24694006	0.32045165	-0.12936476	0.08155231	0.07097073	0.5667245	0.23186938	0.6979616	-0.12205375
0.89334595	0.6164051	0.20455576	-0.45432675	-0.1673371	-0.023067161	0.045154717	-0.27702725	-1.2007176	0.70948565	0.26022443	0.26086906	-0.82981205	0.38632098	-0.222762	-0.2579781	0.53747493	-0.51244915	0.23911768	0.38408905	0.9545765	1.0734546	0.7314168	-0.27292252	1.184573	0.9267372	0.9486053	-0.17081515	-1.0185	-0.24517259	-1.5531716	0.4041094	1.4148446	-0.56851834	0.09745709	-0.0012869628	-0.8992274	-1.0981238	0.064712375	0.5952074
1.8772007	-0.7049097	-0.5333045	-0.49254465	-0.3777025	-0.4390043	0.53235394	0.34431365	-0.24893148	-0.8876156	0.81909	0.09336069	0.087427646	-0.51079756	0.21050182	0.33493078	0.54359007	-0.030076409	0.65704775	0.2376935	0.38422987	0.6729572	0.8729591	0.5486663	0.25177762	0.3764454	0.82858306	-0.1338967	-0.50862485	-0.20537117	0.3191207	-1.1770735	0.11453467	-0.15080328	-0.4260251	0.73723626	-1.2442689	0.47858363	0.021923022	0.62548286
0.8599686	0.41272983	-0.26585457	0.48194113	-0.29960203	0.35010582	-0.04507095	0.36301148	-0.1630659	-0.2076063	0.09632938	-0.17689013	0.341507	0.22666888	0.22232452	0.38896695	-0.8547495	0.5011736	0.5212531	-0.07411983	-0.85536486	0.39008895	-0.33489305	0.32539776	-0.31330502	-0.045153115	-0.28606585	0.19744265	0.03387532	-0.13543087	-0.23736353	-0.13868184	-0.29789212	-0.2533962	0.38729873	-0.8027468	-0.42694697	-0.49084887	0.79060733	0.930185
-0.30525407	-0.78686976	-0.0856715	0.43177095	-0.27358186	-0.16095224	0.3585203	0.028499749	0.43294376	-0.03135723	-0.21901429	-1.1679491	1.1432325	0.67321634	1.6650268	-0.83769	0.23366037	0.70093757	-0.059425574	-0.21976595	0.09807408	0.739899	0.08197514	0.111515984	0.476318	0.43168172	0.64349127	0.87308675	0.48384532	0.17670327	-0.35692814	-0.43658167	-0.26207778	0.99088913	-0.4779787	-0.3783694	0.22616783	-0.49905974	-1.010733	0.6831172
0.32592803	-0.8537038	-0.19479626	-0.12778936	0.16700052	-0.4590351	0.5316716	0.38709468	0.29165605	0.8323501	-0.2905348	0.0015269287	-0.72646326	-0.68301475	-0.32206666	0.8729738	-0.14865595	0.33886242	-0.33173501	-0.5639069	-0.36275637	0.017271338	0.06952769	-0.719202	0.6174858	-0.20179415	0.6120059	0.505625	-0.14248893	0.37967294	0.14091189	-1.0003023e-06	-0.1904329	-0.37268236	0.8297173	0.32413945	0.5519875	-0.8979291	-0.75461346	0.7796458
0.6918093	-0.816634	-0.021131143	-0.024409642	0.31218567	-1.5056092	-0.37532	-1.9310757	-0.22420897	-0.5509383	0.6470118	-0.7551887	-0.4343243	0.71775913	0.77642596	0.045172997	-1.1691521	-0.24402703	1.176657	0.6219907	0.07038849	0.3489768	-0.5179103	0.35597605	-0.48452517	-1.8085063	0.05699408	0.5226545	1.702564	-1.5183097	-0.96187246	0.46759567	-0.8061322	1.0158069	0.10391291	-0.7935163	1.8766742	0.73025596	0.7242096	1.7438985
-0.88470894	-0.34907022	-0.9372343	-0.29968554	-0.49166486	-0.32240447	-2.2120574	-0.48230994	-0.38758218	0.8312959	0.2568736	-0.76012254	0.42387354	0.0012109649	0.008538935	0.19078553	0.78376335	0.36577594	-1.0911139	0.044114433	-0.32371864	1.4487684	-0.52129424	-0.2022442	-0.052588373	0.88847065	-0.10633711	0.08166228	-1.1724002	1.107936	-0.20999785	0.5214954	-0.60501206	-0.87418824	0.3949182	-0.41513968	-2.7524886	-0.1030616	-0.091109626	-0.20721556
-0.29330933	-0.62045443	-0.3851046	1.2153394	0.4731511	0.25262627	0.07844516	-0.70669174	-0.61259	0.66320896	0.7740293	-0.23201683	0.45642415	-0.3819509	0.21821414	0.08561575	1.1493919	0.55690455	-0.7992708	1.3213378	-0.42815697	0.47251096	-1.940393	-1.0390898	1.0866922	-0.31189114	-1.226357	0.56081873	0.97728825	0.03545832	1.1954129	0.0042335177	-0.5526797	-0.3472386	0.78748477	1.2929493	-1.9259051	-0.5017606	-0.87177575	-0.9113457
-0.8284594	0.41612145	-0.13333015	0.7109518	-0.8304437	-0.58817124	1.2751054	-0.22068954	1.6148347	0.025110988	0.2921386	-0.1571273	0.22404054	-0.08479811	0.10421806	-0.57811874	-0.7433123	0.1995827	0.61620307	0.21420786	0.35697645	0.27375138	-0.11529274	0.3292022	-0.29303202	-0.31873637	-0.39714515	-0.28417337	-0.91096854	0.81240237	-0.48808604	1.0204306	0.9971771	0.5329614	0.6712429	0.25782153	-0.39910156	-0.6627347	1.0279412	-0.09948972
0.14473383	-0.80019975	-1.011795	-0.04020273	0.2849368	-1.5985141	1.3145713	-0.3698526	0.79865575	-1.1370122	2.5004318	0.008520471	-0.5508379	-1.0954779	0.68079084	-0.3728517	-0.013310679	-0.45193523	2.5370293	-0.931003	-0.21661618	-0.253981	-0.47171843	1.4273747	-0.49204057	-0.8366266	-0.17360978	-0.16379294	2.2208202	0.36174127	-1.6710911	1.2312369	0.19850038	1.1899135	-0.63019216	0.6554752	1.3622111	1.7900096	1.5395852	-1.4088225
-1.0452514	0.9655069	-0.7179134	0.5364441	0.17960216	0.22784841	1.1217285	0.173564	-0.47258842	1.1016284	-0.6759564	0.90446275	0.06049657	1.1753235	0.4171292	0.2696554	0.41292503	-0.80555725	-0.47300777	1.0364653	-1.0147676	1.0402609	-1.5578249	0.52600414	-0.13246752	0.22145839	-0.9843031	1.2420491	-1.8368067	0.37734997	1.4339432	-1.047308	-0.46634185	-0.37961173	0.1091214	-0.76439154	0.24332872	-0.2790013	0.5079347	-0.7109877
0.9118478	0.13566257	-0.22141936	-0.58752596	-0.2106831	0.4501031	0.6059399	0.1964455	0.5075496	-0.50525016	0.03637169	-0.0952356	0.04868091	0.6583038	0.26369455	-0.1467995	0.13850687	0.6300883	-0.3923184	0.08133935	-0.44804186	0.5399505	0.43976498	-0.64576876	0.3666715	0.26834413	-0.30278084	1.1741438	-0.69252884	-1.240408	-0.0059007043	-0.35848165	-0.20364346	-0.36806858	0.020648008	0.11282622	0.40457395	-0.49076456	1.367351	-0.67730165
0.4233747	1.1412013	0.9433857	-0.53938496	-0.5748947	-0.088391975	0.03810927	0.035502538	0.35232186	-0.09501266	-0.6541237	-0.5231393	-0.21716093	-0.14319903	0.34353083	-0.13013159	-0.88255805	-0.84017813	-0.13745925	0.23943007	-1.6798882	-0.20464025	-0.20355017	-0.81960166	-0.73848265	-0.09980303	-0.007966994	-0.29522753	0.4075983	-0.5815535	-1.5008035	0.3792108	-0.013286171	-0.16816793	0.4532489	0.98649347	-0.02298252	1.1388706	-0.45916834	0.6569704
-0.44240066	-0.48285827	-0.7454609	-0.8796189	-1.1122078	-0.22061457	0.23911446	-1.3301418	0.7334058	0.94503385	-0.9405708	1.2433085	-1.1768504	2.7860162	-0.7434748	0.92820674	0.17540449	-1.6457733	-0.10481912	0.7954869	0.40291938	-0.98926735	1.8680247	-1.9122359	0.36607283	-0.39058155	-1.6175685	-0.50495523	-0.1252792	0.41892114	0.80975884	-0.1444638	-0.5847676	-1.7376393	0.77718216	-0.40670663	-0.03033368	-0.5632874	-0.20475043	0.48962796
-0.220085	0.69478947	-0.6950244	-0.4383911	0.25689727	-0.42177793	0.43083107	1.106483	-1.1786832	-0.081263125	-0.65467364	-0.0029910877	-0.44947615	0.4362593	0.09647807	0.12215821	0.25137264	0.7617466	0.3921316	-0.013264215	0.4749356	-0.88402754	-0.14413518	-0.36507973	-0.67410666	0.09155258	-0.0008826659	0.4184234	0.5990999	0.35154855	0.5527374	0.47406682	0.6674175	0.40973458	-0.3065792	0.20821446	-0.3740837	0.13091345	0.07165621	-0.26878953
0.25136676	-0.02447188	1.0133344	-0.64983463	0.047727194	0.21550769	-0.30013213	-0.42820874	0.5364262	-0.42278028	-0.17585444	-0.71930397	-0.381679	1.1818198	-0.89500105	0.4107826	-0.18252377	0.5871705	0.08449276	0.6226343	0.32985866	-0.7119374	-0.025855504	-0.27172	-0.32482153	0.28543946	-0.5089741	1.1671541	0.13876364	-0.9351719	0.9047419	0.3193192	-0.4723178	0.58530104	-0.5174305	0.45307392	0.16879177	-0.25093782	0.1769319	0.4716986
0.06739665	0.45396885	0.07373576	0.7822146	0.12355457	-0.33322048	0.52063257	-0.16417961	0.16661885	0.12533867	-0.056824982	-0.16881843	0.3684694	0.09655175	-0.8278348	0.46970654	-0.40768266	0.45395228	-0.22701146	0.33453313	0.32211703	0.045093235	-0.8827545	-0.60969806	0.23546737	-0.014542918	-0.06816339	-0.10799688	-1.0637957	-0.051757947	0.058404844	0.16825297	-0.20456466	-0.5369268	-0.24885067	-0.6305319	-0.25659725	0.50783837	-0.2543149	0.5000603
0.03771937	0.46004328	0.37246072	-0.88864475	0.3688635	1.5193951	0.04978872	-0.92933285	0.19831462	0.66404915	0.15384491	-0.10953677	-0.2834199	-0.315978	-0.088870086	-0.3296994	0.6681171	-0.07365496	0.31406525	0.71658385	0.4656721	-0.23793064	-1.0703828	0.5569538	-0.36759627	0.86861825	-0.60298514	-0.036155313	-0.20997477	-0.23205045	0.4079082	0.71743035	0.2513515	-1.0110365	-0.41544732	0.26716653	0.4208092	-0.1941084	-0.63130695	1.206194
-0.12071438	1.6948875	-0.04260258	-0.17485192	0.09037166	-0.13315879	0.47725797	-0.86706406	0.3427805	-0.28053907	-0.5130814	-0.8232811	-0.52086145	0.14094728	-0.39288327	1.1163961	0.6423636	-1.1811063	0.06217624	-0.18151014	-0.34353933	-0.43144304	0.6450468	0.40623546	0.28310475	-0.25161895	0.15561615	-0.11316225	-0.20977066	-0.020153224	0.101806685	-0.3396645	-0.5782208	0.5050952	0.02210411	0.09384061	-0.5581669	0.047520645	-0.23220252	0.11217825
0.17312048	0.14447536	0.12845652	-0.4024809	-0.33146468	-0.31809524	-0.015528147	0.571385	-0.30091873	0.4590911	-0.11222959	-0.021725208	0.74275565	-1.1677574	0.51415586	0.15550014	0.06006368	-0.42084855	0.09668666	0.44778234	0.41073087	-0.02257048	0.10208819	0.65392226	-0.10443205	0.7870035	-1.3278534	-0.28387678	-0.34288588	-0.068288185	-0.06371124	0.1053529	-0.76040125	0.075099364	0.25795045	0.6514628	0.44455326	0.29996535	0.23923908	-0.09418331
1.4262847	-0.93521893	-0.32429567	-0.9819397	1.2563595	0.21909526	0.5680467	-0.41111186	-0.4568693	2.4750104	-0.2562337	0.16081637	0.7643468	0.26275113	-0.23844047	-0.1221831	1.3469945	0.27353388	0.9869102	0.1634301	-0.26673552	2.1088753	0.477217	-0.22877216	0.33095556	0.09022949	0.8499041	0.54341716	0.8846948	-0.13491379	-0.32709038	-1.3468156	0.069590256	-0.8832368	-0.4705443	0.22897118	-1.5040288	0.70250535	0.023655413	-0.45059082
0.5257633	-0.48530307	1.2149236	0.5571413	-0.3241681	-0.28286195	-0.6221789	-0.04844535	-1.2833091	0.29904452	1.0832311	0.2784683	-0.026506536	-0.2274557	0.2643001	-0.72810286	0.23176254	0.21304072	1.023221	0.6528009	0.46982086	0.34438062	-0.8089772	-1.0030882	0.3354237	-0.0628936	-0.5209882	0.56937075	0.64155525	-0.5239054	0.7727136	0.0056138635	1.9140551	0.35352296	0.90259117	-0.65024436	0.36855724	0.0993808	-1.0867726	-0.97673374
1.2528965	-1.3553976	1.6081313	-0.450972	1.3308433	-0.10022055	-1.1644588	0.61113024	0.8225025	-0.636515	0.5970982	0.36467615	0.79817814	-0.48654056	1.5167522	0.5161284	1.1357278	-0.848073	-0.2620058	0.9227954	-0.48952797	-0.068683036	0.82808983	-0.94545716	1.3372225	-0.83234626	1.74214	-0.5722235	-1.0940915	-1.1539005	0.31273255	-0.8100472	-0.5751036	-0.17987897	-0.28160483	-0.077030696	0.72169703	0.44380236	0.2599245	-0.9254344
0.025622932	-0.6056041	-0.18394315	-0.086243756	0.7031702	-1.2537346	-0.13576272	-0.13506573	-0.3182797	0.33302793	0.61816835	-0.9211933	0.5034671	-0.17213306	-0.13507734	0.119158156	-0.28623632	-1.7115492	0.35420945	0.031413037	0.63088834	-0.9317519	-0.60974735	-0.51244366	-0.16137865	-0.53758484	0.7692549	-0.16399133	0.07308871	0.09537953	-0.45329338	0.54255736	-0.3639271	0.760558	-0.7677493	-0.11420027	0.96904916	0.012772422	0.9673869	0.5137713
0.8336858	0.65801764	-1.1991026	0.6529327	0.74682987	0.8654385	-1.2469187	0.78412515	-1.4889326	0.09147399	-2.7886784	-0.41063577	0.6794122	0.77447087	-0.2660979	-1.8502254	0.66022813	-1.2042208	-0.9759107	1.4134599	-0.6381971	-1.4721056	0.39185795	-1.1174692	-0.07618267	0.28337228	-0.11720955	-0.46616226	1.0622591	-1.2566949	0.6130043	0.96743095	0.45690897	-0.11988856	0.8290605	0.5566343	-1.3689103	0.50372744	0.039851703	-0.19681758
-1.1728736	-0.18087055	0.6213859	0.9413151	-0.55976194	0.35547784	-0.51863706	-0.569	-0.917453	-0.17217915	0.12629552	0.6645478	0.738172	0.56870073	-0.17140572	0.5451039	-0.6172864	0.4714334	0.25664136	0.5577599	0.55303323	0.044619694	-1.0293406	-0.008852411	1.1877134	-0.22458011	0.5101316	0.32647577	0.05586923	-0.7825329	-0.794704	-2.2585788	1.3312024	-0.2621287	0.8879088	-0.21168819	-0.5792146	0.0056941025	-0.6855533	0.6368941
0.68460405	0.27731574	-0.08856088	0.01665674	0.11760818	-0.46903458	-0.18997458	-1.1887555	-0.23368919	-0.20545878	0.40293235	0.7672654	-0.56027466	-0.083695285	0.034742884	-0.211872	-0.36631647	0.4685109	-0.9746673	-0.7935736	0.34705785	0.0023245635	0.20099287	0.040893514	-0.6225891	0.3947837	-0.47047338	0.54373795	0.1076638	0.07791078	-0.8279092	-0.106408104	-0.0313595	0.23662052	-0.06437087	-0.7175587	0.14749946	0.058814395	0.29444247	-0.90403104
-0.530331	-0.99214673	0.1862476	0.39427456	0.7189567	-1.2176226	0.32732028	0.3461554	0.08903564	-0.5064987	-0.937893	1.5766866	-1.0809323	-0.7719522	-0.9013578	0.3240635	0.7489634	-1.0088822	1.8704711	2.0025952	0.39062878	-0.29790398	-0.4197204	-0.89516	1.2175288	-1.158563	-1.1260681	0.23378211	2.0703034	0.26662186	0.105328545	0.6650348	-1.1873966	1.0337515	0.5214481	-1.4704704	-1.2807719	-0.15615967	-0.12649344	1.2396059
-0.18637453	-0.6809071	-0.14129029	-0.34695572	1.0389819	-0.038803488	-0.3217133	-1.1035031	-0.7890068	-0.27176327	-0.8769943	-0.45400307	-0.35808018	1.1988329	0.36515042	-0.62790745	-0.8347955	0.35817635	0.13084677	0.26649216	-0.69477516	0.7383654	-0.38252062	0.31235006	0.40842393	0.60292923	0.08941541	-0.6998316	0.76474893	0.015495554	0.46782342	0.5265556	-0.43241474	-0.48248848	0.4200388	-0.06660674	0.20371154	-0.40601492	0.3995164	0.7552393
-0.8254117	0.2502828	1.0547353	-0.6961069	-0.03399736	0.35745835	0.56342566	0.49040255	0.3555374	-0.21101026	-0.60498935	0.7410406	-0.2113353	1.1434319	-0.8005534	0.018919406	-0.20457657	-0.7071441	-0.017668266	-0.8198417	0.99115366	0.37642705	0.47240275	0.05542724	0.067852326	0.6276196	-0.23429719	0.802967	-0.118428275	0.97075534	0.36872876	0.41058913	-0.2534096	1.0585636	-0.04262932	-0.14930826	0.5140271	0.1411533	0.26599693	0.43595332
0.1994657	0.61800283	-0.11876715	-0.046947245	0.99938554	0.34744474	0.0039999005	-0.26992875	0.10391183	1.6182897	-0.028565746	0.39446774	0.27835423	0.047924444	-0.30881754	-0.7281647	-0.49517515	-0.3897395	-1.0463575	0.83049023	-0.23303105	-0.3896554	0.070428796	0.33847135	-0.04702523	-0.3307941	1.143307	-0.2117438	-0.33431125	0.011905732	0.4293158	0.2903636	0.20220566	0.7943269	0.9799267	0.8554999	0.30044404	-0.6155294	-0.6532472	-0.13717054
-0.34626657	0.25257772	-1.6419846	0.58654064	0.3530767	0.46797523	0.3253519	-0.1813691	1.0618343	0.14777052	0.064647816	-0.41903263	2.1198819	0.1359012	-0.636373	-0.3968176	-1.4424143	0.11141047	-0.28256065	1.0052757	-0.10501655	0.1849833	0.39468858	0.88616186	-1.2025982	0.85978633	0.9485283	-0.93225837	1.2078052	-0.23033684	-0.19398966	0.18273461	1.1716937	-0.5482164	1.1597432	-0.7862706	0.32333118	0.30835596	-0.33107558	-0.5539853
0.9854335	-1.1069566	-1.2925646	-0.10843296	-1.2242678	0.39568585	0.8633765	0.16983315	-1.13556	0.3555015	-0.25399143	-0.7394337	0.34458295	0.45658773	-0.19953719	-0.6312879	-0.21360722	-1.5703266	-0.14636104	0.27825752	0.20143874	-1.186974	-0.041396547	-0.5123378	1.0736986	0.04423987	1.1262786	-0.37947926	-0.91249925	0.7369232	0.09354725	0.1639866	0.280465	-0.9251022	1.3747537	0.10382995	-0.62984943	-0.4885579	1.4122279	0.72301686
1.0961635	-0.24610975	-0.34393358	-0.2243924	-0.6848334	0.3803048	-0.53384507	0.7714833	-0.18192421	0.26861438	0.33672366	-1.3129979	0.18340698	0.72972304	-0.7044523	-0.41698295	-0.23373014	-0.51803744	-0.71860975	0.61602485	-0.30414376	-0.25564477	0.27665055	-0.4854776	-0.015686058	-0.16567804	0.18169175	-0.68327683	0.74224037	0.17947453	-0.43963423	0.33845323	-0.93504375	-0.25018454	-0.33212796	-1.3509488	1.0312505	0.2516609	1.0330665	-0.38557538
-0.96046877	-0.032948464	-0.31007218	1.8328257	-1.1735319	-1.1142744	0.014649339	0.947221	0.25092372	-0.35050455	1.216396	-0.04458581	0.2631053	-1.2408954	-0.68646264	0.20467286	-0.9710898	-0.33447155	-0.9730112	-0.021978071	-0.6274227	-0.6504484	-0.27632096	0.5663662	0.1458379	0.10827839	-0.39958474	1.5909809	-0.22647037	0.5119825	-0.26738852	0.19768262	0.29684424	-0.3452052	0.6452261	-1.2230113	-0.22681616	-0.52211326	-0.55280644	-0.24819633
1.0250077	-0.35923925	-0.5527839	0.94637114	0.5311297	-0.4219889	-0.2368198	1.4086797	0.7652727	-0.44988665	0.46644196	-2.4926224	-1.066216	0.5505605	0.063647576	0.8777384	1.4354972	1.3338809	1.4268124	-0.04171201	-1.0846162	0.81121266	-0.0730922	0.4079933	-1.6448498	0.9486551	-2.0200584	1.2278128	1.2886958	0.8893823	-0.19083765	-0.89144546	-0.3957391	1.4521437	0.1377092	-0.7833133	-1.8533317	0.08989075	-0.55998015	-1.2771621
-0.5446404	-0.33371216	-0.74950475	0.2797174	-0.54004955	0.12112516	-0.047698423	-0.9435705	0.22740574	-0.20029339	-0.2115976	-0.37875947	0.2345438	-0.29147518	-0.24405645	0.22193643	0.5576856	-0.26213273	0.7020817	0.30466363	0.67129236	0.81021273	-0.029926976	-0.117377274	1.2620258	-0.53759325	-1.1926537	-0.449184	0.6592436	-0.97744936	-0.766693	-0.35607746	-0.6380476	0.36688304	-0.4479254	-0.6246482	0.84214056	0.58036613	0.56685466	-1.2171425
0.048182204	0.035774235	1.0654738	1.2608861	0.45578697	-0.016195172	0.5815097	-0.7160307	-0.9129259	-0.19214337	0.0072255125	0.0042979564	0.42013562	-0.50574	0.42214987	-0.73210007	0.12268995	-0.50944734	-0.16547634	-1.2285819	-0.03572355	-0.8474088	-0.13995501	-0.41254985	-0.36935762	-0.20302998	0.20085153	-0.07662711	-0.5456566	0.35828	0.17898639	-0.24426772	-0.15711902	-0.67823446	0.48727202	0.5525094	0.17692916	0.040326685	0.5205768	-1.0779169
1.2302059	-0.286693	0.10787093	0.20023066	0.8791319	-0.49252626	0.21581349	-0.3362542	-0.4387208	0.9995076	-0.6636936	0.7004903	0.83566636	0.54393226	0.92972976	0.6945241	-0.94618374	-1.7809142	-0.43282476	0.9777724	-0.508341	-0.6575435	0.6309632	-1.2348206	0.9703666	-1.8683761	-0.42441893	-0.3595932	0.1739871	1.351004	0.3528208	0.38363564	-0.7463451	-0.8107964	-0.32769293	-0.26923683	0.5775281	-0.17577267	-2.1408045	0.50537485
0.24595827	-0.8415039	0.9088883	-1.5199355	1.5534961	-0.11382048	-0.36758152	1.3365719	0.24881001	0.60722387	-0.12827778	0.6675163	0.43718433	0.07690748	0.80735004	1.5993366	0.8797525	-0.50908864	-1.0550935	-0.65984637	0.8008105	-0.91132337	-1.4643255	0.34412923	-0.18679924	-0.72154874	0.4480871	-1.1100594	0.83797485	-0.5196543	-0.3617361	-0.14767341	-1.4181278	-0.76180714	0.31148008	-0.41604525	-0.32038942	-2.3693385	0.72160226	-0.7223055
0.7522784	-0.34582883	-0.6207077	2.2076705	-0.69200546	-0.22131532	-0.2955311	-0.8357296	-2.158283	0.24756147	1.4967555	0.30223528	0.39422157	0.04282351	-0.6767271	-1.1151865	0.7212718	-1.7708435	-0.1755506	0.034137513	0.63418573	-0.5496899	0.72310627	-0.30313894	0.8159178	0.81721705	-0.7882533	0.56000984	-1.4930841	0.44006664	1.6473684	0.34149662	1.5810502	0.14866829	-0.094161175	0.7744983	-0.23778056	1.4075892	0.74057925	0.58902955
-0.01951042	-2.1165397	0.36729217	-1.078594	1.6712838	-1.1346473	-0.7908753	-0.36179283	0.4338668	-1.3407121	-0.34601304	-0.28924093	-0.71326315	-0.2737521	-0.37548906	2.5695965	-0.5773555	-0.31351092	1.488803	0.4396009	0.50384754	-0.22576119	0.298765	-0.021488478	0.28727204	-0.4031813	1.4639071	-0.2462881	0.5211643	-1.1418359	0.8830161	-0.12563996	-1.222772	0.25853077	0.7680735	0.8284258	-0.50854194	-0.014621386	2.6645892	0.038991828
-0.101647064	-0.76698637	0.1739337	0.12520832	-1.0638416	-0.3600226	-0.50563586	-0.39067674	0.07177004	0.4532537	0.066476226	0.12862082	-0.442777	0.63448244	0.6086112	0.050241902	0.22362472	-0.68494636	0.8024898	0.96035117	0.280813	0.104947075	-0.44363987	0.99544376	-1.556938	0.7753063	0.6588523	0.5604366	-0.44635656	0.30540782	0.28553453	0.2964889	-0.17325474	-0.21437986	-0.27304992	-0.4821288	-0.2582541	0.3793892	-0.048352968	-0.8351796
-1.3860967	-0.4782328	-1.198264	-0.8123937	-0.22484593	-0.63338125	1.2451745	-0.13964383	0.24911436	-0.5397331	-0.10740517	0.62421584	0.6502058	1.722471	-0.042411912	-1.4085653	0.82199585	-0.9180465	-0.1538069	-0.20162591	1.1046107	-0.2731868	-0.022827044	-0.2936229	-0.96362215	0.6201864	0.90148693	0.219189	-0.9208693	0.458748	-0.14719856	-0.3742271	-0.47248596	-0.31429532	-1.1908864	1.1233822	-0.23075941	-0.9327192	-0.91244555	0.33311448
0.36550197	-0.39326727	-0.7584153	0.10619955	0.38458267	0.7958251	-0.08319725	0.5026902	-0.026247907	-0.555106	0.025993235	0.83918303	-0.17164293	0.24639192	0.032812815	-0.062270492	0.12862533	-0.20517762	-0.046838447	-0.6197899	-0.31638798	-0.53746766	-0.7721449	0.31536484	-0.053391267	0.10386464	0.38563558	-0.3614865	-0.7541142	0.30468947	-0.7038585	-0.195611	-0.6703005	0.7875354	0.151639	-0.3109914	-0.14681342	0.66316336	-0.5445824	-0.16884847
-1.5052181	-1.0057311	-1.2245909	-0.87089187	0.41327614	0.2577803	-0.32686397	-0.6422154	-1.1914299	-0.8015863	0.2638247	-0.7190067	0.069828235	-3.6211562	-2.2152822	0.776392	-1.9112939	-0.8340887	-0.5094388	0.15184125	-0.21382691	-1.0422136	-1.2863582	1.04433	-0.13548693	-1.417907	0.9867292	0.5872972	-0.62661684	0.72500414	0.17100778	1.1963494	-0.16935825	1.0717812	-0.90413576	0.21649161	0.0974676	-0.4525437	-0.25354412	-0.8228781
1.3860557	-0.07839145	1.2969872	-0.14228795	1.4636736	-1.5859464	1.1950482	-0.55434394	1.6279539	-1.3612283	0.47573817	0.23473173	0.41158578	-0.17509595	0.2076743	-0.33052513	-0.4032081	-0.18898301	-0.05867671	-0.08513245	-0.6249485	1.0023218	0.7261147	-1.0866824	0.9196636	-0.45717406	0.41395733	-0.71030647	0.75973016	-0.32336155	1.3694277	-0.77624893	0.66749245	0.08590037	2.0714622	1.2360228	1.8845396	1.9963292	-0.34183407	-0.5914593
-0.51471764	0.28485945	0.79598767	0.47995937	0.28680354	-0.8026046	-0.53739405	-0.3236074	0.5783975	0.6178133	-0.29692718	-0.66598386	-0.31383342	0.23160425	0.36072755	-0.056396283	0.716669	0.6150239	-0.47980002	0.009717235	0.069282375	0.07960968	-1.1168917	-0.06783283	0.50432396	0.6748197	1.126882	-0.42019436	0.05827281	-0.8201235	-0.27306122	0.35020933	-0.4089059	0.79769427	-0.55484396	0.28142917	-1.134469	0.23088859	2.4573746	0.088821925
-0.011682217	-1.0480915	0.9498511	-0.8639472	1.0467551	-0.14234146	-1.1143746	0.92879796	0.94725674	0.90784377	-0.07006922	-0.4795255	1.1988007	-1.1326119	0.40444016	-0.83139616	1.4907628	0.7350709	0.43195775	-0.41279116	-0.93346137	-1.3613979	0.43840837	0.74782765	-1.3181732	0.571415	0.16508475	1.2362168	0.4742506	0.6903499	0.030016258	0.64938617	0.86833024	1.292513	0.08023769	-0.3465217	0.27068353	0.22922081	0.7243248	0.47053623
-0.32637304	-1.0685333	-0.84077585	0.17925858	0.4992314	-0.86093223	0.26503077	0.36045054	0.3443098	-0.557128	-0.5710427	-0.4470352	0.42776683	-1.952062	0.19096604	0.67870957	0.7649682	0.6334467	0.91137815	-0.29830676	-0.8377579	-0.44316417	0.34447253	1.0664219	0.1990311	0.06739155	0.66540784	0.28592214	0.84192973	-0.3461335	-0.8142068	0.29845545	0.1957035	0.11022951	0.7303157	-1.0805484	0.23200408	-0.2794285	0.6520877	0.73756546
0.15846309	0.18486263	0.036900055	0.30807364	-0.0051976256	0.30130005	0.4681955	0.01988798	0.18821892	0.7539276	-0.6113309	0.43856254	0.71329737	0.22379139	0.81526935	-0.15106152	0.1345674	-0.08357604	-0.43092045	-0.118109494	0.18368404	0.3684802	-0.10481223	0.38431084	0.01164471	-0.3492059	-0.20952247	-1.3221437	0.89566535	1.3223368	0.40818548	-1.8995795	0.41382012	0.45050585	-1.5482503	0.25981554	-0.5461374	0.24347964	0.8989626	0.3447918
1.3271353	0.8466941	0.018901762	0.61285543	0.15716085	-0.5076891	0.17951736	-1.7544297	0.6847832	-0.04515126	-0.17539965	1.0539353	0.8947777	0.43174338	0.78424495	0.58556086	0.43023968	-0.027303476	0.3581218	0.8120372	0.33598086	-0.2983412	-0.5785783	-0.27582985	-0.4262264	-0.59829986	-0.06896391	0.62412566	0.28605628	0.8338272	0.25638124	-0.0130408015	-0.3894027	-1.0799346	0.2691875	0.55408186	0.61178803	0.58074886	0.0043993024	0.58945435
0.43334043	0.95148844	-0.34904507	-1.3195368	0.9203959	0.0035388488	-0.8172701	0.26172465	0.27937123	-0.84919447	1.0471822	-0.13518685	0.39607504	0.044625875	0.42007482	0.4386422	-0.09308879	-0.49137148	0.22338581	0.5103119	0.7410341	-0.3762879	-1.0425737	-0.4236708	1.2061869	-0.171063	0.6682188	-0.14181438	-0.27949205	0.3127689	-0.35499853	0.6383387	0.79673433	-0.047080703	-0.36209264	-0.17605694	-0.3856438	0.17063436	0.23528448	-0.55437684
-0.4951623	-0.39379838	0.27945864	-1.0962332	-0.6824874	-0.0064300126	-0.1288108	-1.0071077	-0.4820766	0.4379253	0.6078561	-0.52689624	0.4922732	0.3010479	0.028236467	0.03187412	-0.4531602	0.82900614	0.61958086	0.19774051	-0.0468732	-0.3166831	1.0844389	-0.064113565	-0.02478918	-0.9769571	0.11718486	-0.5813753	-0.83230937	-0.41186053	0.15099819	-1.1559876	-0.6754551	0.05723569	-0.26649234	-1.1636164	-0.5809282	-0.32078314	-0.83615553	-0.5943259
0.17765291	0.1846652	-0.5638154	0.14807393	-0.42846522	0.38952175	1.2761307	-0.33107468	-0.36878136	0.773353	0.838995	1.6978614	-0.902022	-0.16707757	-0.42810363	0.7583026	-0.97573954	0.3702848	-0.47692928	-0.95141494	0.32786444	1.0574787	-0.23315166	0.6874135	0.49757242	-0.1227863	0.49739492	-0.17895745	0.8027396	-0.31587258	-0.057718724	0.70668775	-1.0896287	-0.13984755	-0.18353328	0.5950655	0.49114448	-0.4450983	-0.526022	0.19900213
-0.39492673	-0.3336678	-1.3814356	0.9717671	0.23753029	-0.13032384	-1.1426327	0.38007462	0.14668854	-0.70688146	0.53264785	-0.31546414	0.25896582	0.40903386	-1.1621644	-0.44899595	1.3257396	0.8141614	-1.2317885	0.6878775	0.0041112253	-0.78743005	0.4595188	1.5116774	-0.3105188	-0.46057415	-1.1178242	0.80519396	0.26391163	0.30828667	-0.15021731	-0.5947196	-0.030275812	0.029777348	0.05370224	0.4880119	0.16160874	-0.52584755	0.28788233	0.5260068
-0.6721844	-0.4990239	0.6290749	-1.2435609	-0.25647637	0.52983063	1.0762472	0.18146598	-0.29183313	0.67972285	-1.0699695	0.4394421	0.43322107	0.074117675	-0.025768736	0.22957166	0.71972907	0.3493893	0.46102858	-0.76807934	1.2196339	-0.55317783	-1.219987	-0.4271343	0.49895886	0.015458853	0.6223433	1.3842821	0.9675253	0.13008289	-0.8698477	-0.31463757	-0.55416054	-0.25078043	0.9523295	-0.0034789245	-1.0067322	-0.09787288	0.75885105	0.25281957
-1.0771577	1.3575824	-0.65555876	0.81793946	-3.2106383	-0.9141843	-1.6488787	-0.64876574	0.3421981	1.9938545	2.754366	-1.1972036	0.5161176	-1.3411208	-0.21240278	1.1549344	-2.5539606	0.20210305	-0.07675867	0.6893703	0.2520356	-0.69773847	1.1701431	-0.2751053	0.91919005	-0.96353006	0.40639594	0.49093884	-0.49610546	-0.83177286	-1.3730247	0.40314683	1.1571466	-0.82081974	-0.79908717	-0.5829009	-0.56966585	2.0673623	-0.30643427	0.22942829
0.044055637	0.1803719	-0.06337335	0.24282053	0.7912615	-0.21632	-0.29865667	0.19432028	-0.61681545	0.354351	0.22276503	0.4572433	0.33187664	0.75960344	0.05690819	0.47699696	-0.16789564	-0.15569371	0.6586272	0.27798885	0.35733527	0.6481946	0.87053156	0.93188876	0.38915768	-0.16747622	0.4723186	0.5441462	0.5806545	-0.2462347	-0.19740562	-0.043770943	-0.27786952	0.3998161	1.2445033	0.43685248	-0.13584535	0.10696323	0.21043259	-0.23335063
-0.19360259	-0.049048617	-1.4705127	-1.325843	-0.20875959	-0.4272181	0.617374	0.13054943	0.040202823	-0.6304253	0.4791643	-0.36852282	-0.034012504	1.1322035	0.5944482	-0.24927756	-0.44865012	-0.69023544	0.3480901	-0.76661855	-0.3498853	-0.77095366	0.7010459	-0.73590416	-1.1252923	1.1456054	0.4306391	-0.52702504	1.3997015	-0.42927068	0.12948456	1.199548	-0.103476375	-0.9008098	0.7496266	-0.12577905	-0.29516435	-0.12761559	-0.013399641	0.65504724
-0.81483716	-1.3775895	1.1503533	1.0260105	1.0865213	-0.27697012	-0.8190929	-0.5363521	-0.5285601	-0.19976474	-0.3902385	1.0602368	0.049620755	-0.20030871	1.5117565	0.3324814	-0.5052319	-0.584238	-0.85474545	0.108192906	0.70498514	-0.13386747	0.11008085	1.2511038	-0.13346735	-0.18198004	0.564836	-0.5012424	-0.08940526	-0.048615035	0.37044248	0.13619867	-0.36049354	0.7314362	-0.09325686	-0.8388194	0.19825426	0.6032966	0.9926942	0.103813365
-0.109751485	-0.65918934	-0.11385741	0.17256165	-0.18225269	0.80397344	1.0188671	-0.9690598	0.44136965	-0.3264694	0.09826749	-0.7072815	-0.08201685	-0.2609988	-0.60351706	-0.8740009	0.738097	-0.71151894	0.07311401	0.5015888	-0.2848757	-0.8539912	-1.0036771	0.5920861	0.8751496	2.2029557	0.010868072	1.3389192	0.45120788	-0.35728738	-0.19083019	0.64748085	0.6233292	-0.24887834	-0.09492296	-0.4538955	-1.1546667	-0.16946785	-0.1448137	0.3038553
0.09240325	0.66569763	-0.28094408	-0.36656857	-0.4023482	1.3100364	0.21027847	-0.14311378	0.21886565	0.726137	0.29791632	0.2751143	0.48507696	0.06640413	0.81213844	-0.03743825	0.28212515	0.35785905	0.6442884	0.2818332	-1.246432	-0.9519689	0.08957772	0.44567358	0.65713537	-0.9458543	0.40642127	0.8195762	-0.33334306	0.8042645	-1.1181616	0.11751209	0.39979625	-0.066467404	-1.1449374	-1.0709741	0.2985698	-0.38304228	0.13633315	0.14010559
0.9057838	-1.9464393	-0.8369995	-0.8636556	0.33337367	-0.1753676	-0.8166669	-0.06705039	1.5996661	-0.076605745	-1.5885898	-0.6536146	-0.2882396	-0.27772012	-0.26001573	-0.18998107	0.7195261	0.31395885	0.37137786	-0.029667843	-0.50679106	0.2855555	1.4033962	0.46519384	0.16858521	1.8532507	0.28078803	0.56550956	1.1772557	0.18440947	-0.8668698	-0.20228589	0.90919584	-1.7046716	0.2654377	-1.7639103	0.00632148	-0.23852023	1.6156142	-1.7507157
-0.049085338	-0.6130845	-0.3344986	0.1486867	0.98181134	0.2501789	0.35877478	0.011960367	-0.2884452	-0.53061724	-0.10012468	-0.09824023	0.76991516	-0.55506283	-0.58145446	-0.64497703	0.48176858	-0.50882834	0.6779633	-0.057973493	-0.55210245	0.9157599	-0.05953757	-0.6611576	-0.6680282	-0.6309203	-0.69724256	-0.68291223	0.084191024	-0.23405734	0.2693572	0.42371106	0.21194974	0.74264616	-0.00809562	-0.018337136	-0.23476303	-1.0279257	-0.2903641	-0.15552749
-0.624675	0.84502876	0.68055713	-1.6956748	1.0749727	0.058586102	0.018656287	-1.136062	0.24447192	-1.018331	0.58584595	-0.24625126	0.4254655	-0.48775354	-1.2338358	-0.44312698	0.1669194	2.0427139	0.8662138	-1.2632513	0.9398407	-0.8051579	-0.6172302	0.031765226	-0.5218156	-0.17995827	0.3389245	1.6412559	0.45595446	0.985848	-1.6372492	-0.9540383	0.40957177	1.3939658	2.2096984	-0.520729	-0.48799145	-1.1694418	-0.5095903	0.0031652153
0.063050814	-0.7040279	0.35597426	0.12081179	0.23744842	0.3492604	0.5308345	-0.18676873	0.23408875	-0.066788934	0.38165	0.23488425	-0.78153175	-0.6707739	-0.064269476	0.0017432343	-0.42919996	-0.74183744	-0.8208241	1.16695	-0.14698432	0.2613628	0.34772906	-0.45856506	-0.5793915	-0.037612773	0.5294635	0.25689876	0.6516167	0.293892	-0.03446147	-0.7009879	0.6623853	0.63868123	-0.27774984	0.29277325	0.31371334	0.114309914	0.32271236	0.1681639
-0.5789117	-0.026729213	-1.1281325	0.38311628	0.28287175	0.043199737	-0.014297984	-0.47757903	1.1850353	-1.6477975	0.20228006	-1.2737188	2.008873	-0.068688706	1.0627936	1.0040063	0.79597026	-0.40931427	0.77511114	-0.19285487	0.91558504	1.1668459	-1.0845222	-0.40178475	-0.28968313	0.6746003	0.38505015	-0.0593949	-0.58272314	0.86173624	0.38940433	-0.095160544	0.5417577	0.5325122	0.2707263	-0.997396	1.7986903	-0.05848369	-0.51119405	0.6624524
-0.7000669	-0.048540417	-0.008801803	-0.33354053	0.21525286	0.7304997	-0.6080173	0.1683463	-0.36740094	-0.12656467	0.43901446	-0.6495564	0.38246998	-0.42506403	-0.03641008	0.8494462	0.14680332	-0.38374138	0.13675776	-0.7585516	-0.6050839	0.97209454	-0.42809063	-0.19004177	-0.838839	0.09280123	0.7506963	0.8538091	-0.41987523	0.52885437	0.4662566	0.5113877	-0.018559221	-0.5311671	-0.77041054	0.00318952	0.22611912	0.26509547	0.18097067	-0.21383442
0.039411906	-0.4417962	0.99555206	-0.84870726	0.22599867	0.0841793	-0.24939995	1.1909136	0.57353765	-0.7862691	0.06919103	0.4775564	-0.012473646	-0.23142523	0.57019114	0.3649283	-0.24472384	-1.3532667	-0.065036	-0.24618375	0.2670472	-0.48143855	-0.397698	-1.0678717	-0.5323532	0.069873124	-0.2577616	-0.43595967	0.78951925	0.14162809	1.1924938	-1.4943678	-0.6911226	0.42075494	0.5459942	-0.5057122	-0.548349	-0.15115693	0.60723156	-0.60922414
-1.2131077	-0.017549098	-1.3752177	-1.044469	0.008439599	0.115060076	-0.53145105	-0.80304617	-0.04403707	-0.7265694	1.0985831	-0.21116577	0.55490315	0.26795664	0.4419943	0.026204282	-0.7915804	-0.34513184	-0.09799292	-0.11470285	-0.046843555	-0.61872	0.83166593	-1.5944977	1.2384243	1.8299004	-1.1201835	0.43311968	1.52432	1.348562	-0.48900297	0.033999976	-0.55158687	-0.87368673	0.6723276	-0.41005707	-0.041823372	-0.6604531	0.12602453	1.08786
0.71421397	-0.22718611	0.037280474	-0.5054897	-0.12509812	-0.8557871	-0.7396272	-0.23573458	0.17139232	0.5278795	-0.4500357	0.023778047	0.014749666	-0.3089288	0.14608322	-0.07407443	0.21032973	-0.18502931	-0.19396098	-0.9580288	-0.05932931	-0.3293206	0.51058275	0.20053636	0.2483406	-0.40412784	-1.0110037	-0.27182582	0.007815645	-0.46790147	0.12858593	0.20295118	1.0309188	0.24171089	-0.15257813	-1.228512	0.067908265	0.2111255	0.032180645	1.0056301
0.2974378	-0.3071129	-0.3381133	0.0012221973	0.8545312	-1.7841529	-0.6098502	-0.46841538	0.8278306	-0.18353218	-0.12116724	0.80171967	0.8077091	1.2397366	-1.2530484	-0.96453303	0.8604475	0.32349566	1.4539946	0.55484134	-1.1691865	-0.41191715	-0.27111122	0.4219674	0.37570903	-0.95355356	0.42613193	0.80018723	-0.646537	0.6887876	0.77927715	-1.3432202	-0.52197355	-0.40573508	-0.38430282	0.4467561	-1.7226142	0.63595665	-0.19816557	0.18708406
0.12692963	0.28255206	-0.24735878	-0.59186304	1.5038445	0.08102078	0.7572814	-0.5667223	-0.3824999	0.39940438	0.64665383	-0.49927455	-0.19307868	-0.67182636	0.80795664	0.2849187	-0.095740646	0.9999911	-0.61440533	0.3570266	0.41842648	-1.3861982	0.6332875	-0.402429	0.20015503	0.38481292	-0.5613609	0.02592314	-0.054000363	0.3247996	-0.32733256	-0.33902374	-0.06087393	-0.59099996	-0.59332997	0.19936003	0.493294	0.7064495	-0.0039281007	0.3831398
0.39739308	-0.41226065	0.5250776	1.1197076	0.71520483	-0.17776492	0.114773124	0.69091225	0.6382208	0.016539672	0.36934662	-0.18908106	0.5781987	0.65010387	0.31998047	0.17873156	-1.1806155	0.46950114	0.41606015	-0.09236588	-0.47283798	0.06865119	1.7891598	0.30197695	0.26870453	0.59440714	-0.052632067	-0.47694284	-0.21249998	-0.2453205	-0.7656205	-0.079119205	0.043756925	-0.24654973	-0.62062746	0.52760416	-0.41317946	0.3106557	-0.9554078	0.33406287
-0.56695235	0.7439443	1.2921659	-0.3795553	-1.5503423	0.14761417	0.02514932	0.87657875	-2.02536	1.1405493	-0.10588828	0.049642988	-0.4039788	0.7589373	1.3272482	-0.022417245	-0.03631381	-0.059941374	0.07015305	0.7480348	-0.4022281	0.08991967	-0.1904619	-0.0143760955	-0.4417816	-0.39598206	0.4105496	-1.9064877	-0.51859033	-1.1279335	-0.410504	0.9371801	-0.82319844	1.4164107	0.7597559	0.5422858	0.3509941	0.13448453	0.6565141	-2.6105757
-1.0178814	-0.36354756	0.26273033	-0.6703631	-0.35631195	1.1773332	0.52258974	0.3420487	-0.3909287	-0.18277301	0.18062043	-0.6121733	-0.40722018	0.33846307	0.9782841	-0.39875552	0.11832007	-0.030406937	-0.14117555	-0.5453784	1.657872	0.2743829	0.10942293	0.32922179	-0.7040265	-0.74919325	0.073927045	0.03352635	-0.22416109	0.018561762	-0.6952696	-0.2080525	-0.20899667	-0.6077765	0.78526515	-0.5103084	-0.59823656	-0.70330334	0.14650193	0.70458937
0.23484188	-0.7037343	-1.1902825	-0.15653835	0.087841116	0.48924157	0.6761809	1.0478523	2.6043165	-0.054507207	-0.74877936	0.13154583	0.2732856	-0.24480459	-0.67021006	1.4385937	-0.17670673	0.4750519	-1.7220715	-1.5221786	-0.39191365	-0.70688075	0.82881284	0.64922816	-0.75845957	0.47680506	-1.5986273	-0.32924038	1.2958434	2.3238072	0.35205945	0.4982014	-0.8750954	-0.975284	0.07706391	-0.38748607	-0.48061258	-0.6061862	0.16232534	-0.26105398
-0.08247709	-0.5862806	0.33634907	-0.30801496	0.037722632	-0.66153663	1.3623755	-0.5711156	1.079862	-1.1927712	0.99649453	-0.36575717	0.4485832	0.14895658	0.20888741	0.5565179	-0.1746301	0.31911305	1.6170789	-0.69902074	0.22185297	-0.814665	0.06086588	1.2637773	-0.013302085	-0.4611562	-0.06818477	-0.077513576	-0.9430825	-0.8601497	0.6908833	-0.43296733	2.2983315	-1.6386473	-0.99375147	0.74377286	1.8133154	1.7752155	1.1360824	-1.2952555
0.3951837	-0.60364455	-0.28336427	-0.004144274	1.2203436	0.9014071	-0.38740703	2.3394005	1.3537658	-1.0061865	-0.759697	-0.1540114	0.8869768	-0.35637143	0.1302403	-0.17534393	-0.57182145	-0.082360394	0.35575646	-0.38043854	0.59386355	-0.181861	0.34276763	-0.529812	0.21555293	0.33267978	-0.34009537	0.13125166	0.65917605	-0.35421073	0.10411046	-0.35830328	0.44172725	-0.1897368	-0.94856864	-0.56463253	-0.59306407	-1.6881932	-0.99430054	-0.15290512
-0.2849431	-0.31216908	0.10986868	0.1506795	-0.33371478	1.0059991	-0.27872214	-0.5854759	0.55273056	-0.6682971	-1.0862981	-0.031245185	0.5125436	-0.64444476	0.3471752	-0.13354656	0.16285706	0.94049597	-0.82848006	-0.14285806	0.34698185	0.36144593	1.039832	-0.36999625	0.3285754	-0.16377054	0.34622675	-0.28899792	-0.38225877	0.28421533	0.4681663	0.46851978	0.4180394	0.09486562	0.67077684	0.14817247	-0.15498823	1.1821241	-0.27475414	0.19549097
-0.12592317	-0.32972306	0.26224688	0.9400565	1.062226	0.45035335	-0.049419846	1.4113455	0.30513048	0.66115886	0.6191028	-0.0064065005	0.26778963	1.8960218	0.6910989	-0.42917848	-0.7749877	-1.068999	-0.8323933	0.2887434	1.114837	0.34550998	1.178532	0.5561742	-0.14851746	2.3554556	0.09122381	0.01062576	-1.1925241	-0.79350936	1.2826535	-0.50975955	1.6078796	0.38808092	2.3703258	-0.91706234	-0.38344187	0.9987311	0.4892217	-0.16726528
-0.55629814	-0.3621252	0.6054648	0.4647875	0.45583594	0.08469365	0.6207241	-0.059111375	0.9811581	0.1621439	-0.083608925	-0.3046068	-1.2166371	0.7072177	0.95754236	0.511439	0.4589031	-0.30113512	0.19728228	0.0549172	-0.7821878	-0.37289384	-0.15822682	0.26428193	0.27679095	0.29703343	-0.8547354	-0.25308892	0.3618588	-0.047603104	0.15017283	0.4453063	0.5635012	-0.6685083	1.0090955	-0.4620999	-0.1843943	0.78355587	-0.44467896	-0.0470506
-0.026403997	1.2639767	0.0054171355	0.47660708	-0.73921835	1.1436383	1.010598	0.43286845	1.482519	-0.11616347	0.7440897	0.12142248	0.46092352	1.6705673	-0.5296559	0.21829033	0.059157282	-1.7445416	1.1148182	3.1855907	0.5240059	0.2042588	0.14814943	-2.4935546	0.084855095	0.33466852	1.3051616	-0.59295136	-0.3807844	0.35227883	-0.07294389	-0.097652845	-0.6040339	-1.6888978	-2.0534744	0.20728378	0.21630016	0.5579216	-1.0854908	-0.8476431
-0.22146079	-1.4039718	0.021403935	-0.88954	0.3563365	1.4447596	1.0457968	-0.5006091	-1.333998	1.8981744	-0.8109721	0.25990623	0.47620285	0.89277637	-1.4794768	-0.7117184	-0.22289528	0.5569821	0.22286946	1.1968074	1.4202977	0.23166956	2.2988298	1.9452144	-0.2021274	1.5245785	-0.9631044	0.085387506	0.59236634	-0.28165835	0.61136556	1.3172038	0.8022455	-1.71285	0.47565562	0.49469998	-0.4486371	-0.05900076	-0.18485126	0.6723416
0.9498242	0.85716236	1.2338014	-0.43216774	0.16021302	-1.5757202	0.6812057	0.3497659	1.0850712	1.766713	-0.22711544	-1.129033	-0.075548075	0.24723732	-1.0113343	-1.5760589	0.053610373	1.4694785	-0.53437	-2.1066315	-0.056395035	-0.5306223	0.4907541	0.59692574	-1.9832691	-0.055922974	1.2884002	2.4137466	-0.29071614	-0.7841909	-0.59136105	-1.3160622	0.32530758	-0.25497028	0.51888996	1.1924534	0.44799876	-0.45627502	-1.3882878	1.3702527
-0.11902668	0.07870844	0.95246625	0.30977327	0.73887736	-1.3082539	0.07626333	-1.1541288	0.78388965	1.0747379	0.3408706	0.81975716	0.9380778	0.6005283	-1.2343714	-0.048646674	-0.8539042	-0.4144176	-0.864804	0.27866176	-1.4950455	-0.44124115	0.503848	-1.1680499	0.33420566	-0.44155678	1.8875846	-0.5351021	0.21443036	-0.6872348	-1.1766732	1.993295	-2.7383504	-1.0415015	0.17234093	0.9286242	0.13743281	-0.35706174	-0.34816313	0.33059278
-0.8375413	-0.53953725	-0.5987465	-0.5864959	-0.6263242	0.5106075	1.2903208	0.21282278	0.95594925	-0.58455807	0.3625005	0.5660226	0.7588017	0.013854172	0.6161223	0.9320021	-0.9014156	1.2191175	0.8141098	0.9702797	0.5365797	-0.2177236	0.8342912	-0.81652635	1.1535931	0.11233894	-0.49212283	-0.8986183	1.6976252	-0.6778469	-0.5108928	-1.0621482	0.2518062	-0.7045501	-0.44016445	-0.16548856	0.22234935	2.0704114	0.53072417	0.46273294
-0.703833	0.07242688	-0.916405	-0.5689711	0.16192833	-0.7433832	-0.546036	0.055681583	0.43876898	-0.16522671	-0.60880685	0.12590237	-0.3609691	0.41433215	-0.2578529	0.07297009	-0.62046856	0.27340505	0.077965535	-0.37230948	0.03480929	0.23884328	0.2955495	0.17248109	0.37179634	-0.09624337	-0.66445	-0.2230171	-0.5682024	0.10940272	-0.59314513	-0.690162	0.71556634	-0.90049666	-0.27577078	1.2399489	0.45662057	-0.26344773	-0.34656885	-0.2805245
0.58231366	-0.75575364	0.3641177	-0.22899899	-0.4009021	0.19115174	0.072751455	0.19957095	-0.61367166	-0.5641018	0.41243172	-0.18190014	0.60649496	0.23721011	-0.31201485	-0.16721728	1.3866336	1.5630332	-0.23559657	0.8135097	-0.7589469	1.0892533	-0.60134315	-0.6220946	1.4686764	-0.4652772	1.1948681	0.7324967	-1.0075479	-0.3611376	0.03816448	-0.22144766	-0.7900739	0.32926288	1.1967022	0.11397801	0.329118	0.46744156	-1.1820732	0.1240807
0.90706426	-1.5421915	-0.33586165	-0.0071374024	-0.3444779	0.21865173	0.9993101	0.51831347	0.112903975	-0.04171953	0.01741519	-0.16160275	0.66392577	0.2373203	1.6437936	-0.114293054	0.065996826	-0.06178983	0.24400732	0.46606174	0.3394867	-0.1092379	0.09223174	-0.8851963	-0.22685088	0.49056795	0.93834496	0.18845224	1.3447587	0.7545333	1.9959289	0.3195185	-1.1595061	0.22085221	1.0231875	-0.6930285	0.2206973	-0.16869469	-0.17213923	0.33381465
-0.24421637	0.049643163	0.9263066	0.17647207	-0.86631495	0.17240953	-0.39079517	-0.22448641	0.1485546	-0.18511972	-0.16249722	0.5820569	-0.06750682	0.22202177	-0.110948734	0.58465445	0.35816413	-0.0018264505	-0.17534824	0.41157112	-0.09120704	-0.38926464	0.039618224	-0.66028124	-0.5678208	0.65319246	0.43766686	-0.8785695	0.084168576	-0.2837004	-0.16413833	-0.19632138	0.46416742	0.09112337	0.27450466	0.37266564	0.19117835	-0.8845685	-0.4437331	0.059764978
-0.31459403	0.54804516	-0.96828157	-0.57741106	0.73242676	-0.30304125	0.68288404	0.4112776	-0.6493251	0.83196986	-0.123164654	-0.59549016	-2.2645013	0.006417697	-0.27826816	-1.8583462	0.70391005	-0.63226956	0.33195704	0.51378715	-0.3689877	-0.69765496	-0.17128305	-0.67844224	-0.5792177	0.5303724	-0.106584504	0.29214495	1.2990296	-0.8831858	-1.3322395	-1.2495373	0.14100938	-0.17956235	1.6175947	-0.9372878	1.0762651	1.2680621	0.08493531	0.9000622
-0.60569125	-0.2152224	0.30815345	-0.46781173	0.7860361	0.15893875	-0.5867189	0.14474638	0.23465112	0.6064027	0.72786313	0.22918546	0.3167632	0.5485345	-1.2477075	0.66819227	1.4529494	0.49732333	0.07766354	-0.011863523	-0.8391449	-0.53891486	0.17401801	-0.2101823	-0.16902561	-0.13722995	-0.43476683	-0.36606914	0.2769206	0.5211015	-0.108362906	0.42733017	0.053794086	0.39724886	1.0862322	0.0016514619	-0.70608807	0.094265305	0.18832341	-0.5322318
1.9289593	-0.7104295	-0.34085387	-0.6178203	-0.5049614	-0.542011	-0.040966142	-0.36335555	-0.47405365	0.8141769	0.9630179	0.55302185	0.83785796	-0.7983804	-1.4011513	1.004515	-0.40346304	-0.28348196	0.6998451	-0.29938307	-0.40529218	0.80736583	-0.21026602	0.27559695	0.10070693	0.25839922	-0.004035032	0.10060154	0.99668235	0.5022199	0.581211	0.9228264	-0.4219062	-0.09765359	0.6027259	0.57840145	-1.3655318	0.2453707	-0.7159756	-1.010599
-0.27840984	-0.5605215	1.4397477	0.4330472	0.39990768	-0.56638813	-1.5680977	-0.38373888	1.2531931	-1.3909081	0.910878	-1.2384855	-0.22424626	0.22257756	1.135003	1.8899617	0.571205	-0.023906898	0.008611708	-0.72368395	-0.0635182	1.0561177	0.57001984	-1.1008443	0.5230126	-0.9228976	0.1828083	-0.9465854	0.6748946	0.6550467	1.3748826	-0.22058971	-2.1023307	0.9111159	-0.046722323	1.8694364	0.30461356	-0.49038583	0.39039204	-0.09400592
0.35086536	-0.61079097	0.2781539	-0.3959113	0.9286775	-0.7365162	-2.2971714	0.08123609	-0.13073666	-1.0706979	-0.009040455	-0.91600174	0.63775814	-0.077249356	-0.35800707	1.0089126	-0.96296763	-0.79528046	0.5630888	-0.20808034	0.18869443	-0.09404595	0.14348342	-0.5405461	0.6692784	1.7923108	0.59243375	0.6598075	-1.2226483	0.11490901	-0.17656985	-0.54375285	0.28083363	0.078114614	-0.6231531	-0.082507506	-0.51748836	-0.70517266	-0.71759826	-0.39557117
-0.17964688	-0.46254095	-0.04701278	-1.0706998	0.13964638	1.4076658	-0.29603106	0.0888471	-0.03866071	1.9801892	1.2549639	-0.024105314	-0.61624694	-0.12145147	1.0504286	0.37134543	0.43540528	-0.0007987926	-0.61964744	0.2839845	-1.2667078	-0.35817397	2.305463	0.53164357	-0.28286126	0.09059542	-0.2897077	0.6614747	0.10202296	-0.36981976	0.031031732	-0.48919985	-0.6438737	0.76668596	-0.84042	0.93598753	-1.4146233	-0.72642386	0.26781937	0.31327036
-0.028321035	1.0479299	-0.18634146	0.68962765	0.2261353	0.5904023	-0.7096547	0.41014057	0.43019027	0.05683394	-0.7630852	-0.07707523	-0.99149066	-0.27667746	0.260137	-0.427417	0.23244323	-0.17022482	1.1795281	0.14046918	0.8014862	0.47879994	0.8345214	-0.7045106	0.2537768	-0.17558873	0.29021865	-0.57646555	0.2235902	0.29774868	-0.43814164	-0.13546349	-1.0570062	-0.3378445	0.19175485	-0.5947424	0.6307256	-0.3642625	-0.40688267	-0.32627195
-0.72068775	0.18140563	1.3408597	0.7308296	0.6217392	-0.5594781	-0.7058955	0.6146632	0.24707164	-0.3837234	-0.052337922	0.16694987	0.92605203	-1.0073639	-0.09280997	0.8250834	-0.39565432	-0.27818376	-0.35611135	-0.6248269	0.8027338	-0.9475841	0.52843446	0.32094312	0.2370695	1.1443514	0.44628018	-0.2185536	-0.12670866	-0.7148711	-0.31376126	0.9826434	0.82128364	0.23361269	-0.047884356	-0.25456133	-0.36153993	0.2377409	-0.7108653	-0.8689354
0.22735108	1.5250542	-0.6281375	-0.29243726	0.55965847	0.15370224	0.24721402	-0.14462775	1.1828654	1.3874856	-1.5898931	0.54057497	0.83794713	-0.94435143	0.81662124	-1.0950398	1.133854	-0.2006706	-0.92344815	0.0075816205	0.47339714	-0.64797384	-0.10598239	-0.74439096	-0.6829217	-0.24403244	0.726298	-1.199788	0.9926273	-0.4019931	-0.866829	-1.1435293	0.2981033	-0.40285653	-0.4909969	-0.69239545	-1.4825934	0.55449855	0.30001357	-0.8410843
-0.33457354	-0.5404648	-0.7932052	0.40608057	-0.41222754	-0.0033005597	-0.95384157	0.25232127	0.49910146	0.1994314	0.47067398	0.7574248	-0.26803908	-0.22337064	0.37292764	-0.017463297	0.08114521	-0.52974755	-0.124018356	0.23848066	0.44064686	-0.09828072	0.5205241	-0.46288624	0.05742059	-0.75766426	-0.44324726	0.92136407	-0.21615466	-0.8210804	0.30472153	0.46053562	-0.20264956	-0.648181	-0.20079122	0.063669324	-0.7008488	0.25479355	-0.18713465	0.035695236
0.2647384	-0.0685952	1.2050775	1.2145771	1.2683483	-1.2514684	-1.7006431	-0.7423196	-2.144144	0.37356645	0.272198	-1.1596745	0.7472259	0.79010487	1.345329	0.63525546	-0.29450604	1.23752	0.2165158	0.4705774	-0.7508803	-0.43782407	2.0196702	-0.15676636	0.9840392	0.3066694	-0.7299621	-0.54796535	1.7843441	-0.042405523	-0.3354788	-1.4805323	-0.06252467	-0.27577972	1.4735287	1.3164284	0.8611361	-0.06271157	-0.7676388	0.4999867
0.62790304	0.0971919	-0.5276936	0.24821362	0.30802116	1.1152115	0.4976739	-1.00359	-1.228645	0.79274297	-0.6179	-0.8943958	0.8194357	-0.013086204	0.704389	-0.7130505	-0.64035267	-0.43421283	0.75609326	-0.899669	-0.8869856	0.10783198	1.4834853	0.89423734	0.6333851	2.938694	-0.27105707	-0.020855123	1.6310159	-0.91759264	0.42855957	-0.15216671	-0.2429262	0.0873647	-0.07412443	-0.7022777	-2.4458728	0.41147864	-1.4973911	0.15015258
0.04309583	0.1333032	0.8021919	-0.2524756	-0.0693451	-0.11908204	-0.29593897	0.034318622	-0.69455135	-0.7013567	-0.3020933	-0.35737917	-0.27470097	-0.23623136	-0.6001518	-0.5121932	-0.04719564	0.35539776	-0.65960443	0.36906597	-0.2765109	-0.055983085	0.17886212	1.0152668	0.340752	-0.26623452	-0.15796009	0.19103779	0.49666715	0.12779158	-0.11711601	-0.16201985	-0.1964858	-0.84217715	-0.36537778	-0.034143645	-0.10343758	-0.013934744	-0.52140754	-0.3480257
-0.7607225	-0.32232866	-0.03778322	0.1844081	0.14755036	0.6648602	-1.0998611	-0.31042308	-0.57388407	0.67232186	-0.09906361	0.3154658	-0.41177487	-0.5829261	-0.71433705	-0.88506263	-0.24341817	-0.28411445	1.0519897	-1.265594	0.21126886	-1.7705746	0.06611388	-0.0569007	0.017429857	0.5931531	-0.6815309	0.5810207	0.15042715	0.53267753	-1.102859	0.8914229	0.21421923	0.35301727	-1.1743042	0.70512295	-0.30852136	-0.3864258	1.0325055	0.8830625
1.3109475	0.44795817	-0.80106586	0.8456112	0.0658607	-0.48004338	0.7660312	1.1859926	1.0873744	-0.7300408	-0.099076144	-0.23765135	-0.14436193	-0.28809407	-0.0718933	-0.5787758	0.5153352	-0.078305915	-0.73058784	-0.4622034	0.5067003	0.0044404054	-1.0072986	0.80541176	-1.0983726	0.020579182	0.6172747	-0.024376145	-0.58560765	-0.09433252	0.88207424	-1.2797341	0.047369946	-0.119485825	0.18199569	0.30790105	0.22587065	-0.36230075	0.12026228	0.090169586
-0.7646084	-0.04961795	-1.9308779	-0.110655	-0.027341384	-0.09042974	0.37082204	0.68930095	-0.4832682	-1.0181571	-0.7163937	0.47271508	-0.4140223	-0.43552685	0.9178699	0.7207993	-1.1601429	-0.6042078	-1.4438437	0.9515974	0.10716271	-0.05371092	-0.045039486	-0.4630307	0.89822245	1.0124681	-0.042777825	0.215353	-0.37899536	-1.2804182	1.2924564	-0.706329	0.37664765	-0.2545453	0.23572433	-0.73809695	-0.66259676	-0.29826865	-0.3316798	0.22618662
-1.1600627	1.6640807	0.2777986	1.8068427	0.63207424	0.20011488	-0.044111263	0.56630915	-1.161841	0.25758883	-0.11404383	0.11777353	0.78117627	0.32147416	0.6997546	0.14671348	-1.3142143	0.6135744	-0.17250104	1.128371	0.022117546	-0.008826623	0.24263315	-0.16266064	0.052626908	-0.3086781	-1.0887779	-0.49920037	0.6403013	-0.47937822	-0.54454637	0.80078113	0.43889433	1.044709	-0.9434429	-0.365515	0.22386168	-0.040196605	-0.08322303	-0.7197709
-0.8750761	0.32417038	1.002969	1.1668906	-0.75950855	-2.183691	0.4189405	-1.1128497	2.0924869	2.1898491	1.1199559	1.0755248	0.339109	0.3243089	0.6367166	0.19508642	1.2425799	2.0731132	1.5408792	0.75391674	-0.6992473	1.8679197	1.5710384	-0.95615506	-0.75405234	-2.0651667	-0.0064335414	1.1434206	0.7104478	-0.11625389	-1.2391539	-0.17851786	0.90336215	1.4653437	-0.34622246	-1.3712438	-0.54484963	0.33201444	-1.7384961	-0.038729534
