-0.373799	0.36036813	-0.3693234	0.32710698	0.11179006	-0.03273862	-0.030469617	-0.60562444	0.9711182	0.4754439	0.1439974	-0.0710199	-0.12086246	-0.77919763	-0.32039216	1.4777149	-0.2997081	0.38024727	0.34562546	-0.28769302	0.035565067	-0.29470056	-0.2037102	-0.48955148	-0.042795125	0.16258512	0.0768064	-0.008178359	-0.33001485	0.070376545	0.1495025	0.5159264	0.026570704	-0.07650499	-0.09079024	0.54415506	1.1986004	0.07073717	0.08347045	-0.2158252
0.16416773	0.3667516	0.26847538	-0.48016486	0.47838467	-0.47965428	0.6205251	0.28582332	-0.18842691	-0.26928166	-0.09321117	0.9838754	0.56587887	0.04044428	-0.45966795	0.64725405	-0.9599666	0.4660757	0.01854556	-0.05872635	-0.16424333	-0.089693084	0.54889464	0.11033475	-0.002975206	-0.8443849	0.46425256	-0.35706612	-0.19691677	-0.3655939	-0.07036254	0.10554497	-0.5740846	0.38462853	-0.19155742	0.12141523	-0.55265766	0.11260743	0.7866697	0.93920916
0.0382008	0.44152197	0.52553916	0.32551914	-0.7966825	0.15358002	0.46743423	0.12806161	-0.04175426	0.5781195	0.011967362	0.42999366	0.44072357	0.6509984	0.6297557	0.029295856	-0.51960766	-0.44623366	-0.12404981	-0.16751604	-0.19693717	-0.047766097	-0.35748023	0.1860721	-0.20439395	-0.51440805	0.1771156	0.31693172	-0.32835144	-0.029308245	-0.13897325	0.84609294	0.31303206	-0.8166609	0.2898032	0.31943744	0.0314149	0.38359004	0.5258775	0.4811957
0.28192225	-0.20021017	-0.5538565	-0.01276047	-0.21925376	0.17288755	-0.3504239	0.14709635	-0.10614719	0.011980754	-0.5818513	0.108954586	-0.20081134	0.07575395	0.31475967	-0.18362945	0.008380648	0.13958512	0.4433897	-0.145324	0.4831279	0.26371038	0.44939747	0.58138233	0.12076061	0.22910194	0.3796674	-0.56955475	-0.4223808	0.14974572	1.1035074	0.055264864	-0.0396232	0.07462433	0.1188961	0.3801774	0.48648813	0.03073472	0.08989938	0.08713559
0.13717006	-0.0022105558	0.99067855	-0.26810074	-0.0044103474	-0.18929002	0.35931364	0.21490718	0.55467457	0.7015605	0.1909923	0.32006055	0.09461417	0.036690097	-0.5765064	-0.06482997	0.8815813	-0.0727237	0.48762932	-0.69385076	1.7550827	-0.36704782	0.2612137	0.38834175	-0.7448257	-0.13436031	-0.9840936	-0.11058193	-0.6109799	-0.016267827	-0.3953941	-0.7045787	-0.6834708	-0.075903036	0.5163262	-0.09305493	-0.3606718	0.18013145	-0.38833064	-0.39220682
-0.40492415	-0.05822801	0.119903214	0.49242988	-0.24482715	-0.6784983	0.4341507	-0.17079411	-0.5812626	-0.9011464	-0.41727883	0.82840735	0.24068195	-0.23044708	-0.86226976	0.2752333	-0.046656873	0.38850546	0.60239506	1.4885907	-0.41065133	0.30475822	0.048346717	-0.68548465	-0.105584025	0.9224011	-0.8894491	0.14082791	-0.45261005	0.10808222	-0.26700923	0.52715594	-0.2522828	-0.18270358	0.52502704	0.7845258	-0.6391187	-1.0614414	-0.035051357	0.14845227
-0.25019175	1.0155977	-0.3402802	0.04909803	0.5271123	-0.5677354	-0.39841938	-0.7350589	0.097427934	0.057633277	0.649412	0.79709446	-0.0865798	0.9009696	0.044753082	0.31925252	0.3177132	0.23604292	0.12566012	0.4093012	1.1380042	-0.24992408	0.06349031	0.034324206	0.19497345	0.060700074	0.02514313	1.367714	0.32268238	-0.6205082	0.008909541	0.05195291	-0.051977985	0.016739478	1.0105059	-0.06340403	-0.3717986	-1.0043072	0.4938695	-0.5616155
0.37449795	0.21256016	-0.006886844	-0.36437404	0.65208155	-0.025335131	-0.057899524	0.035730194	-0.523162	0.41415384	0.38521188	0.2016327	0.12646122	-0.13381167	-0.4074868	-0.40770426	0.60002035	-0.11876654	-0.5489927	-0.20091465	0.03038534	-0.054769356	0.009956766	-0.67155755	-0.035037957	-0.11495164	0.19421485	0.06667903	0.7100974	-0.07844377	0.7068306	0.27992052	0.81646836	-0.0010581318	0.0482195	-0.19808277	0.34551123	-0.04673374	-0.14390807	0.074536696
-0.82303464	-0.2847062	0.32051635	-0.3193714	-0.478261	0.27695495	-0.3086264	-0.0123474505	-1.0165619	0.58621407	0.43147624	0.08839188	0.6720105	-0.9234981	0.090513974	-0.023228837	0.43932486	0.12647472	0.21777579	-0.4903833	-0.22264186	-0.032985497	-0.10067029	0.5669751	0.052620158	0.5794789	0.4559965	0.25500754	0.29074678	-0.53857434	-0.090370856	0.6716104	-1.1197463	0.3831204	-0.023395268	-0.16790232	-0.12185762	-0.41276413	-0.1898799	-0.7040143
-0.32650557	-1.0333496	-0.098633304	0.24111763	-0.014766615	-0.25364932	0.5857035	-0.69022226	0.30535546	0.35505372	0.07988163	0.585507	0.47534677	-0.23652494	-0.42682222	-0.026380658	-0.21012726	-0.30034727	-0.29181236	0.5505727	1.3318558	-0.32631886	-0.5114081	-0.3871947	-0.05546027	0.407213	0.51095015	-0.9877768	-0.42664313	0.7451243	-0.34366173	0.04306401	0.46401975	-0.10174831	0.091592155	0.7694893	-0.08022269	0.39447227	0.37283376	-0.23817538
-0.28843975	-0.29214445	-0.035941195	0.1168487	-0.5140974	0.2646831	1.1813055	-0.24842563	-0.1827334	-0.031720877	-0.11950812	-0.22211318	1.8936417	-0.35670036	0.4880731	0.37080902	0.09114199	-0.062173806	0.40565953	1.4169506	0.2468321	-0.36824337	0.8837712	0.25002798	0.30604592	-0.7265011	0.18883143	-0.27018845	0.63460517	-0.6848676	-0.21518853	0.67387027	-0.32779545	0.08457335	-0.11491959	-0.67664087	0.23266432	-1.0685977	-0.9215392	0.66024995
-0.628754	-1.326879	0.48732632	0.60194874	0.52343464	-0.08042727	0.15601848	-1.151634	-0.07745768	0.42896917	0.38337263	-0.47087485	0.46224535	-0.5875733	-0.042731576	-0.4379448	0.59852356	0.16904609	0.89392483	-0.1542376	-0.74934834	0.6266802	0.043842316	0.785119	0.32764488	-0.24958222	-0.9580158	-0.20160061	1.3855667	-0.61712486	-0.21872494	-0.5024679	0.11640258	-0.2308266	0.6921769	-1.3293462	-0.16040076	-0.34646192	-0.3421623	0.7290177
0.050028704	-0.11039508	0.0075998693	-0.37129363	0.66035134	0.11134269	1.0556765	0.66528016	0.63880014	0.53069824	-0.18504727	-0.362991	-0.35286707	-0.201685	-0.42943063	0.021755574	-0.108271636	0.051854845	-0.27984866	0.13929802	-0.0011039404	0.08528215	-0.15258008	-0.41836274	0.65456945	0.044989668	-0.41876513	-0.16531737	-0.5983008	0.37491816	-0.1956001	0.8073369	-0.2936248	0.25327894	-0.36634755	-0.3999476	-0.8036836	-0.31717992	-0.48135015	-0.23558867
0.21388997	-0.30314547	-0.04138258	0.93616736	-0.06914348	-1.0928403	-0.15293495	-0.5871407	-0.014216039	-0.2622283	0.4057144	-0.77810675	0.26918265	0.36222413	0.0832963	0.23378177	0.06280424	0.74300694	1.0874709	-0.40540087	-0.47648174	0.25453022	-0.055395216	0.811299	-0.112222925	-0.53734887	0.65262	-0.14783008	-0.06122813	-0.10835732	-0.5564175	-0.04055013	0.30954129	-0.02842743	-0.24144542	-0.3206236	-0.4820107	-0.06054448	-0.1717292	-0.4248874
-0.40012237	-0.80884963	0.24517873	-0.45302176	-0.6218809	0.22541542	0.14794132	0.4916205	-0.055433434	0.24922132	0.21599518	-0.18443727	0.06406275	0.37158975	-0.5154331	0.50816756	-0.89953846	0.21723357	0.76019996	0.061591484	0.52031475	0.13857462	0.11223394	-0.23369749	-0.021954577	-0.4790288	-0.50214833	-0.23028137	0.6909874	-0.5638822	-0.551562	0.14011727	0.3320007	-0.010128099	0.7811142	-0.10584177	0.068347216	-0.36133394	-0.10836028	0.37870634
0.13200913	-0.4121557	0.89325833	0.15570748	0.17687885	-0.74893415	-0.1252137	-0.049537454	-0.29056606	-0.40786847	-0.042926017	-0.13379328	-0.60020965	0.57143515	0.054039784	0.32361197	-0.3235244	-0.82908714	0.32223403	1.0108495	0.10645783	0.50138956	-0.5770314	0.388843	0.17555338	0.38145122	1.4064802	0.33200032	0.109663025	-0.45360047	-0.29021788	0.28971362	-0.42692155	1.1316344	0.77533853	-0.27147833	-0.00059868273	0.39818597	0.22354306	-0.19550364
-0.55885935	-0.20507173	-0.47868758	0.2307798	-0.37869397	0.29102165	0.23461281	0.25580513	0.32425177	0.7502619	-0.19719987	-0.343859	0.10345121	0.24140984	-0.20970674	-0.26310053	0.034991637	0.1462997	0.19098252	-0.5021622	0.16670243	-0.24020976	-0.20000832	-0.913682	0.35149828	-0.6401915	0.91535425	0.25266448	0.38725692	0.05207972	-0.13168865	-0.88665116	-0.9540139	-0.29423264	0.5662526	-0.04241073	-0.35513344	0.4141806	-0.5479776	-0.5813446
0.7160301	-0.04808265	-0.19790582	-0.4049574	-0.0058448818	0.03284	0.09557852	-0.67378914	0.084901474	-0.53432554	-0.17215413	-0.65635884	-0.27820736	0.13767685	0.28358567	0.1200779	-0.14994387	0.025190901	-0.17723301	-0.014845626	0.091959864	-0.2321558	-0.80184805	0.672986	0.30945355	-0.32289276	0.19788662	-0.50669783	0.51941526	-0.28916276	-0.10533328	0.1882506	-1.0415345	-0.72830963	-0.40346846	-0.33404773	0.3434205	-0.053118497	0.20798308	0.4481942
-0.17233154	0.3562727	0.43395084	-0.43686172	1.4286876	0.5483949	-0.6386639	0.12466105	-0.37374344	0.2842774	-0.74660236	0.03819371	1.1356404	0.60553145	-1.2025326	0.024887994	1.2422885	0.30833808	-0.19784719	0.07915075	0.5055799	0.84178346	-0.14659233	1.0700717	-0.2685751	-0.56519073	0.13507561	0.5469531	-0.7837741	-0.59504414	-0.28809497	0.49202073	-0.87149054	0.35138115	0.2035116	-0.42680043	-0.49122947	-0.131122	-0.3635973	0.49534243
-0.6452239	-0.23994033	-0.60114527	0.17286216	0.24618517	-0.21783814	0.26466075	0.099996805	0.3280556	-0.9569997	-0.5492052	0.10404243	0.25714895	0.10346913	0.043546274	-0.59048134	-0.28602302	-0.92904735	0.38883558	-0.49337834	-0.2856024	-0.60083145	-0.45394248	0.692053	-0.11301151	-0.15337308	-0.3455485	-0.3661483	-0.061079945	-0.53769207	-0.011526696	-0.28989324	-0.015144644	-0.15017843	-0.27533975	-0.025044208	0.15331697	0.24740553	-0.036825903	-0.6327816
0.00077834446	0.31862125	-0.3465276	0.26310998	-0.5567668	-0.88123703	0.008151062	0.3876608	-0.1443076	-0.045236997	-0.08288382	-0.4105795	0.70521903	0.38718078	-0.061547868	0.1676321	0.72240984	1.0631498	-0.5127927	0.85593975	-0.3206601	-0.7710517	-1.0214611	0.6321629	0.3394058	-0.20680775	0.087061554	0.056647975	-0.4290928	-0.6033953	0.38559827	0.25125733	0.17966107	0.016000474	0.26239544	-0.38485453	0.14154902	0.40030542	-0.22327587	0.4090847
-0.25882873	0.7637242	-0.3345121	0.059129078	0.20249002	-0.11118274	0.3407626	0.3378153	-0.312342	0.09627201	0.57729757	-0.91511875	-0.055097718	-0.07005711	0.25354984	-0.0470783	0.3871381	0.17388272	0.027368069	0.28613386	-0.11163871	0.29507858	0.121688835	0.16244869	0.09117968	0.61844325	-0.047906216	-0.5743839	0.3043381	0.037931997	-0.24006706	-0.6870257	0.19520329	-0.016251283	0.44377682	1.1794105	-0.44491464	0.3450657	0.20418575	0.7919534
-0.16391392	0.5145967	0.107665285	-0.61055	-0.5557799	-0.70132256	-0.7676354	-0.6523547	0.4311948	0.22747225	-0.9430585	-0.061577998	0.44182867	-0.21746948	0.7469873	-0.38572797	0.29730412	0.22785278	-0.29811934	0.2430467	-0.5596799	0.13938339	0.69134873	-0.43626273	0.560168	0.24674861	-0.7590529	0.82476443	0.560095	0.25993437	0.08479464	0.3802041	-0.36565104	0.28439426	-0.18373692	0.3552364	-0.35792768	0.31629562	0.29044	-0.030622791
0.77592874	0.08520477	0.16608408	0.47982627	0.6580669	-0.44517082	0.016965644	0.12003519	-0.49332038	-0.39732236	-0.11258271	-0.8202593	-0.094999105	-0.99137497	-0.6226613	0.09238271	0.46997947	-0.19117685	0.118899845	-0.44737577	0.80759287	-0.4501022	0.49491835	0.06206965	-0.22629823	0.020691916	0.46721855	0.9345522	0.052707884	0.058716074	-0.33761802	0.19810633	-0.13574745	-0.40713587	1.3739691	-0.31369755	-0.67756253	-0.71999305	-0.16644809	0.5893433
0.3372229	0.6715328	-0.0850252	-0.46146572	0.7371333	1.1031023	-0.35347572	0.6789566	0.2851104	0.3830051	0.40440938	-0.22624381	0.7617556	0.13577102	-0.36496305	0.5052312	-0.123672456	0.15511687	0.58780444	-0.59099984	0.37171027	0.040081296	-0.14839053	-0.41050026	-1.2035978	0.7310394	-0.34132513	-0.5025699	-0.09930136	-0.024071222	-0.53066367	0.44716465	-0.41121998	-0.77220553	-0.6102749	-0.50928915	-0.46678007	0.47918448	0.5581195	-0.67588013
-0.30857947	-0.586328	0.76014245	0.12723385	0.3906935	0.5558687	0.85211796	-2.0286045	-0.1301979	0.061249793	-0.28262734	-0.26170364	-0.099675104	-1.015459	0.18355678	-0.5787267	0.6617547	-0.859096	0.102331676	0.49186876	-0.48587283	-0.32186046	1.2448995	-0.17782883	-0.8262605	0.8525757	0.18744248	0.76119286	-0.6601254	-0.11396295	0.12574892	-0.7256379	-0.4655725	-0.36974758	-0.0053585474	-0.7770426	-0.61370194	0.78054637	-1.1060063	1.0425243
-0.5859254	0.6179888	0.45631143	0.17847407	0.29191324	-0.2769412	0.1777043	-0.24685298	0.22467941	-0.16367793	0.08466544	-0.614592	-0.08435753	-0.078983486	0.10962231	0.16964401	-0.27839717	0.15621176	0.86815506	0.82083035	-0.47301427	0.28184655	0.54045576	-0.099607155	-0.27040327	-0.17480099	0.11257606	0.8252671	-0.22789405	0.29606363	0.5938382	-0.39744398	-0.10333149	-0.72363025	0.2851496	-0.41714212	-0.4260641	-0.09006576	-0.20881295	0.2940524
-0.30231026	-0.04588951	-0.33374473	-0.04544464	1.219997	-0.15797473	0.19297937	-0.14452913	0.05970035	0.30445752	0.08429175	-0.5738738	-0.18421145	-0.37620592	-0.275248	0.30140305	0.008687991	-0.26538393	-0.15527576	0.7332304	-0.30904296	0.39447305	-1.354692	-0.1448299	-0.69594955	0.8638563	-0.2369148	-0.35448045	0.025704643	-0.54779834	0.6077521	-0.23066938	-0.36948586	0.22240634	1.4304608	0.8523915	-0.3317389	-1.3883168	0.0020192973	-0.18004702
0.1342146	0.7593501	-0.19857141	0.9255725	0.2659709	-0.30359614	-0.32093158	-0.87247384	-0.40997055	0.56281525	-0.081044585	-0.34147748	0.6867743	1.045785	-0.97797537	-0.47967377	0.4822096	-0.15825333	0.74483496	1.0722085	0.12906758	1.0658647	-0.6334537	-0.28769222	-0.3673721	-0.39111304	0.8854867	0.892563	-0.22231038	-0.37446553	-0.8480113	-0.16100836	-0.25416815	0.8460525	-0.19529246	-1.3575187	-0.36825672	-0.27289525	0.38348356	-0.7879633
0.68716466	-0.5199584	-0.44857726	-0.032099776	0.55380267	-0.05238336	-0.387884	-0.12651016	-0.05432634	0.8003156	-0.22087842	0.18143763	0.20641555	-0.05644669	0.11037605	-0.7538131	-0.71231157	0.23033606	-0.53148776	0.37346414	-0.075763695	-0.14165662	-0.06276678	-0.13493814	-0.5890353	0.39203063	-0.054738306	0.20418024	-0.55381846	0.117329866	-0.542468	0.021161728	0.38474828	-0.5146401	-0.6700179	-0.013924804	0.15910643	-0.93388236	-0.046747983	-0.25432312
0.9413866	0.41689056	0.03539665	0.25692347	-0.64739424	1.0957122	0.0076836627	-0.78931004	0.47693598	-0.23513342	0.37351927	-0.43005413	0.50283825	0.30450094	0.17855035	0.7058269	-0.22367308	0.084380955	-1.4301418	-0.38271856	-0.30507123	-0.30013797	-0.12658024	0.70162314	-0.69700456	0.05584858	-0.19887507	-0.123043336	-0.7916627	-0.45947662	0.00081269833	-0.5094753	0.16909395	1.493045	0.78224444	0.5519366	0.05820698	-0.97599727	-0.7123528	0.029327283
-0.49135432	-1.1980939	0.58942986	0.5670417	-0.73630536	0.73519874	0.8351642	-0.5325894	-0.70231855	0.3164525	-0.41724917	-0.119807996	0.15487407	-0.760685	0.32797635	-0.35747242	0.95948446	-0.5142991	0.55557925	0.52358097	0.85045046	0.5596909	-1.1130955	0.93654054	-0.29636112	-0.66633755	0.3621337	0.6052657	-0.047933966	0.4200643	-0.68253833	0.61252475	-0.6413612	0.06469763	0.35806608	-0.25106362	-0.29233748	-1.3057969	0.05425599	-0.30068332
-0.76719594	0.3008076	0.7223722	0.26889563	0.36401907	0.12989251	0.4455087	0.09122719	0.13225801	0.22836626	-0.7786685	-0.6507861	-0.29105413	0.21983646	-0.91080827	-0.7199032	-0.22620168	-0.6635338	0.20151258	0.4066992	0.1512799	0.2927458	-0.30991873	0.562117	-0.62962055	-0.9515294	-0.3418236	0.769239	-0.021026976	0.75880533	-0.089026734	-0.028295876	0.8223633	0.07818043	0.3393208	0.6550683	-0.7608213	0.46754992	-0.6188882	-0.15152183
-0.018997187	-0.036432326	0.30682263	0.36916974	0.43959305	0.3070346	0.51527566	-1.3517476	-0.2671534	-0.38336658	-0.85508394	-0.29657254	0.70201045	-0.2994609	-1.0393555	0.50554395	0.82620734	-0.89513844	0.16070557	0.7641216	-0.439882	1.2516949	-0.20254397	0.25926277	-1.0971307	-0.2115255	0.4717966	-0.62519467	0.77364784	-0.66855085	0.05370051	-0.1492067	-1.0244814	-0.3510369	1.164076	-0.6691804	-0.9068439	-0.2919711	-0.4493282	-0.3818509
1.0853068	-0.105117284	0.8226128	0.76133955	0.14295144	-0.36450955	0.88689214	-0.82877624	0.02401558	-0.012733756	-0.19851792	0.2859198	-0.3946423	0.43739378	-0.07788969	0.4180331	-0.06710905	-0.17337291	-0.6262965	0.102855116	-0.21973646	-0.13678566	0.423769	0.151581	0.6117909	0.1855574	-0.8653992	0.5068602	0.083748385	-0.7605015	0.3938502	-1.0144336	-0.5724878	-0.34547034	0.1703088	-0.09443975	-0.17665198	-0.5363379	-0.12585428	-0.71483976
-0.3842103	0.2894618	0.24398951	0.7003451	0.47481602	-0.56516886	0.49556443	-0.80076647	-0.21594891	0.3944056	0.22631292	0.08331349	-0.69579303	0.1946435	0.61872673	-0.3151153	0.34142312	-0.42889628	0.44065255	0.5143788	-0.32304078	0.5887607	-0.8097796	1.1803837	0.67773443	0.031817336	0.5221276	-0.12954353	0.03083305	0.08574787	0.0471792	-0.1566401	-1.439915	-0.18729141	0.7675491	0.26639047	-0.37960187	-0.6811604	0.008480312	-0.043507308
0.734423	-0.8779959	-0.297289	1.3186606	0.25459298	-0.31467375	-0.34268472	-0.4425497	-0.20453	-0.067401804	-1.5987867	-0.17565778	0.36223364	0.33215004	-0.46644595	0.29794163	0.102733016	-1.1385511	0.38788533	0.11646074	0.25732538	-0.52545786	-0.3011536	0.55447155	-0.10384635	0.7681486	-0.04886354	0.124681264	0.8058262	-0.4669342	-0.78671294	-0.43890023	-0.49428958	0.41161653	0.25902987	0.26146692	-0.3054927	-0.62895525	-0.24142475	0.4947113
-0.9650025	-0.55000234	1.9438037	1.8665338	0.94395226	0.114745274	1.0534796	-0.10643914	0.5205107	-0.4687017	0.13134669	-0.67631066	0.34375167	0.8783313	-1.0977601	-0.53665966	0.56441814	-0.62933064	0.034095947	0.32172725	-0.0934037	1.181536	-0.9055481	-0.7203887	-0.07266197	-0.21455175	-0.014890763	0.8656541	-0.48670468	-0.8884147	1.059419	-0.5902844	-0.24301119	-0.4031839	0.9294107	-0.067697234	0.12142307	-0.942293	0.32939905	-0.27456608
-0.8743343	-0.37656155	-0.2452904	1.056674	0.007169782	-0.66007113	-0.0368482	-0.41044432	0.71103805	-0.7103537	-0.4188125	-0.5807629	0.22975148	0.13481882	-0.4905074	-0.084307365	0.27599987	0.5079734	0.33113134	0.1785285	-0.5256323	0.9889299	-0.6214113	-0.0046046455	-0.9548495	0.116118304	-0.15636401	0.41043308	-0.29345813	-0.36486334	-0.047575306	1.1507361	-0.5580337	-1.1274414	0.8327392	-0.68100405	-0.52883345	0.17026637	-0.1619443	0.31934375
-0.13888949	-0.27355987	0.80202276	0.29661867	0.97620404	-0.7874615	-0.6106411	-0.44970927	0.578348	-0.20980857	-1.1323797	0.13591644	-0.7580167	0.4277975	-1.1758527	0.28567624	-0.9848071	0.61025774	0.5274343	-0.10249196	0.048344333	1.3138958	-0.50529397	0.052419037	-1.2729723	-0.5681606	0.70469624	1.0595227	0.524968	-0.71740997	0.18166232	0.5252976	-0.41690043	0.41916642	0.9118656	0.40206206	-0.51118785	-0.6861249	0.5990396	1.0628502
-0.055950254	1.2469233	0.6984891	0.27093324	0.35172278	-0.011065883	-0.23705004	0.76645523	-0.14709617	-0.3732066	-0.80452687	0.065793805	0.26280272	-0.77446884	-0.07857264	-0.716557	0.10914965	-0.22894995	-0.33231682	0.28613976	0.47740778	0.13921684	-0.21957631	0.35987777	-0.8168079	-0.0027863244	-0.1487308	0.1567852	-0.6401102	-0.078798875	-1.4523292	0.4169532	-0.1478348	-0.5474432	0.10676576	0.03812876	-0.5128997	-0.4266812	-0.53571737	-0.09603173
-0.55918795	-0.049965627	-0.3993574	-0.568782	-0.18283115	-0.555504	-0.42158878	-1.3210529	-0.07285529	-0.40205124	0.32514185	-0.8185987	0.4499944	-0.07260794	-0.30041674	0.48259342	0.72737086	0.027251564	0.22419174	-0.07440332	0.7533082	-0.36850044	-0.27501124	0.7907681	-1.0091584	-1.2071114	-0.7919974	-0.18993099	0.027402153	-0.20362996	-0.3968011	-0.19837481	-0.12339125	0.5958322	0.9332628	-0.7930549	-0.6766496	-0.30900624	0.33231056	0.068782516
-0.02569433	0.37887576	0.116508126	0.87429255	-0.5754283	-0.085280865	0.57816976	0.24205384	0.39746282	-0.14092389	-0.6027988	-0.9692379	0.41722694	-0.7045486	-0.84264344	0.31621352	0.097636655	-0.32769212	-0.8412686	-0.1296148	0.00054902444	1.1721236	0.05684201	-0.18094523	-0.7389877	-0.34061393	-0.52227294	-0.087021425	0.29567337	-0.464617	0.49437034	0.31450418	-0.92496085	0.60118866	0.40714484	0.28045213	0.10235876	-0.22256108	-0.064029686	-0.65236217
-0.3062871	0.8450454	0.13832562	-0.005986097	-0.7617268	-0.33388036	0.08257394	-0.14630108	0.19146769	-0.4620927	-0.16094169	0.026704907	0.41891965	0.10585969	-0.44922197	-0.31088296	0.20345978	-0.17955782	0.6813644	0.008225721	0.41666812	-0.18462989	-0.49001163	0.071843214	0.744955	0.30329174	0.35757604	1.5035431	-0.22320947	0.48993552	0.032024004	-0.23011307	0.37115195	0.32766366	0.23048115	-0.6999158	-0.810566	-0.31095663	-0.087570764	0.8684674
-0.2487786	0.42933083	-0.26223943	0.7927505	0.89770144	-0.20173933	0.49421218	-0.5519643	-0.7395593	-0.031821936	-0.7997235	-0.6168035	0.5100922	0.7163088	-1.2050741	-0.14929877	0.73723036	-1.023655	0.7731127	1.773486	-0.4142787	0.47813126	-1.1579322	0.05690458	-0.5170616	-0.02819124	0.0647067	-0.7526334	1.2512747	-0.51679385	1.0293901	0.31139398	-0.83574766	1.0992185	1.5107516	-0.5286722	-0.37580448	-0.5772081	-0.4278295	-1.0564439
-0.65104055	1.0532005	0.4351795	0.9653936	-0.015600545	-0.65210176	-0.8754745	-0.44928184	-0.3011774	0.40442696	-0.74609	-1.1977485	1.5271293	0.10531686	-1.4693358	0.3003753	0.6647033	-0.6913662	0.50686115	0.81581795	0.33675253	1.2262714	0.49079457	-0.11560108	-0.7184885	1.1430583	0.34293213	0.33314225	1.3097477	-0.5576119	0.19090004	-0.25301293	0.37457734	0.11625678	0.0019058428	-0.11409556	-0.56805545	-0.18521748	-0.061495878	-0.48016202
-0.1547987	-0.33847818	1.3607305	0.18716447	0.4949648	0.4015087	-0.47889054	-0.09800407	0.5182383	0.28739145	0.2487642	-0.18464081	0.030840155	-0.85704744	-1.6687003	0.63986415	0.45589593	-0.24966705	-0.3351438	0.73244476	0.76853234	0.09291113	0.3455778	1.0282067	-1.2924919	-0.4059844	0.56027883	0.34823978	-0.7630275	-1.5283791	0.25229484	-0.1434555	0.12880836	0.33581585	0.9337982	-0.55844665	-2.0470753	-0.22973499	0.3432875	-0.3248588
0.22566964	-0.38708693	1.6234283	-0.62718487	-0.9047211	0.34107584	0.015163908	-0.91124976	0.015364593	-1.1086882	-0.36352366	-0.3924603	0.76166725	-1.1470951	0.3430079	0.27750242	0.53931534	0.05758163	-0.050907686	0.036384217	0.36497948	-0.2421598	-0.7371759	0.10827962	-1.0525177	-0.04876858	0.23299262	-0.90008414	1.1000795	0.4605478	-1.174051	-0.5130757	-0.3106012	1.4156387	0.4598372	0.40137923	0.34640306	-0.4574588	1.260254	-0.7969387
-0.038495418	-0.49654567	0.7145098	-0.11154884	-0.20168751	-0.931151	0.26761302	0.32872412	0.53841025	-0.6312752	-1.4093676	-0.31755325	-0.4433124	0.7038212	0.124732666	-0.06730744	-0.40663677	-0.19830965	-0.5747207	-0.4129027	-0.17421266	0.31709704	0.38104314	0.019304229	-0.6264319	-0.2540395	0.6262387	0.24068451	-0.100504085	-0.0033126413	-0.50389266	0.642588	-0.20800072	0.3637465	0.3442851	0.9249259	0.2549582	-0.34262064	-0.051852327	0.87414634
-0.3139435	0.27988857	-0.022227708	0.2060852	0.08594153	-0.0028641429	-0.07748284	0.3474615	0.75268644	-0.24127385	0.050930303	0.08808525	-0.3927706	-1.399599	1.0928392	-0.7683206	-0.043867636	-0.060785864	-0.6271211	0.11044856	0.39913246	0.5494507	0.5198961	0.26191628	0.2454786	-0.00827118	-0.097532086	0.65394044	0.156603	0.39613938	-0.37259907	-0.54752535	0.43935314	0.7040089	0.19422925	-1.0258679	0.1060726	-0.40156958	-0.8870863	0.49959427
-0.1009815	-0.9258551	1.8425506	0.71046823	-0.09708903	-1.5176114	0.7813155	1.1759671	-0.9055447	-0.046287462	-0.13793099	-1.2933232	0.28193158	0.4719949	-1.6299597	-0.37971616	-0.18152729	0.52902037	1.2665358	1.1158018	0.7193463	0.7548783	-0.84771055	-0.07763231	-0.6211949	-0.73274267	-0.2178738	0.60834295	-0.102974676	0.061412103	-0.51164556	-0.7710496	-0.5172106	-0.9446601	0.4443703	0.7433669	-0.3932945	-1.3795702	-0.8942331	-1.5007317
0.71017706	-0.040251836	0.42612156	-0.48032385	0.5153776	0.04916863	-0.0054018707	0.58840996	0.18889387	-0.27344683	-0.082588874	0.5145203	0.16975524	0.7094424	-0.35406187	0.44948205	0.1292696	0.21574387	0.26466244	1.2280976	0.04725912	1.2815235	-0.017827624	-0.4613046	-0.85592395	0.84005785	-0.26914346	-1.822327	-0.52346617	-0.23560575	-0.070814416	-0.7543549	-1.7511063	0.7017399	0.76505154	-0.39003998	0.047537807	0.8077065	0.045029607	-0.056687005
-0.6023836	-0.11251045	1.450409	-0.97924817	0.37157822	0.07029886	0.55614	-1.1854831	0.37122163	-0.045672152	0.82828045	-1.4330108	1.4878289	-0.88501745	-0.21771148	-0.040835783	1.408212	-0.12758225	0.5177527	1.0696975	1.0283452	-0.14614402	0.06451163	0.8443565	-1.620954	-1.2398186	-0.55547225	-0.8853783	0.032049675	-0.54427147	0.9167442	-1.0965729	-0.87415844	0.22340018	-0.3084296	-0.6350691	-0.7029813	-0.53560865	-0.49740374	0.56358135
0.095006175	0.9720923	0.09701478	1.2971684	0.007672939	1.1078613	1.9003519	-0.23519948	0.68356407	-0.94655937	-0.6378277	0.6080373	1.1376855	0.33872306	-0.24547575	-1.0861717	-0.108459614	0.055959366	0.89412594	0.5819513	0.68714684	0.808043	-0.19848126	-0.1853515	-0.050207	0.21443698	-0.654664	-0.642684	0.51464605	0.72276616	0.15353297	0.07831681	-0.16847302	0.6411592	1.1771456	-0.38145658	-0.05870522	-0.3482665	-0.5136881	-0.4831564
0.853786	0.10850904	-0.13614124	-0.3754782	0.5223744	-0.3551244	-0.027706178	0.5306998	0.4839417	0.5769659	0.71724606	0.8159072	-0.6420254	-0.4393774	1.1901623	0.3958879	-1.1231096	0.648358	0.0865169	-0.22388275	0.91647166	0.5617735	0.4305793	-0.22381964	0.12965387	0.82129174	-0.8424474	1.1425415	0.28455883	-0.54993796	0.5403054	0.42515695	0.17326367	0.26256967	-0.5345691	-0.24106225	-0.44050723	0.5449384	0.040828675	-0.17595465
-0.0019330186	-0.3997591	1.1300292	0.0005586089	-0.4032604	0.4890396	0.21067803	-0.44600707	0.4177644	-1.2465636	0.26470053	-0.85198635	0.5184846	0.2536072	-0.2096527	-0.101095006	-0.18105142	0.07489354	-0.036240157	0.90357333	-0.37441233	0.049584914	0.11411058	-0.5591303	0.057120956	-0.095457524	0.34729144	0.2123575	-0.85934484	-0.17168106	1.2520652	0.28787765	-0.010191547	-0.35004473	0.3238511	0.85642505	0.11663582	0.28680485	-0.50642633	-0.7454815
-1.5338211	-0.059585843	-0.36560884	0.019279053	0.41316545	-0.8881545	0.54031545	-1.0462252	-0.6042509	0.55966675	-0.06257921	0.838939	-0.22039674	-0.11932353	-0.66319835	-0.45410112	0.14009503	-0.9769892	-0.61259115	-0.21554445	1.0213354	0.011355416	0.0326662	0.61338085	-0.19447896	0.12557605	-1.2802544	-1.0647863	-0.81605905	0.2586362	0.04834948	-0.2570337	-0.6551194	-0.41282177	0.89353883	-0.35044768	-0.4010984	0.6215171	0.79134935	-0.43239513
-0.7568768	-0.59555167	0.91404164	0.38801378	0.6445096	-0.12493236	1.2590575	-0.35851294	0.74166125	0.070834465	0.71784914	-0.97452134	0.2595244	-0.6111626	-0.79714584	-0.23060803	0.20857592	-0.42636472	-1.1333518	0.3748963	-0.23584473	0.97582424	-0.23152077	1.198851	-0.3593408	-1.0513681	0.34838593	1.4552971	-0.6629536	0.19969644	-0.9503143	0.22215731	-0.18938538	-0.80168116	-0.20375672	-1.2359684	-0.7471815	-0.079002455	0.31641233	-0.2843056
-0.8069166	-1.5668275	1.4440411	0.58191293	0.31444088	0.34687388	-0.021616843	0.35539967	0.03981904	0.16040774	0.41269094	-1.3815105	-0.11202974	0.15070093	-0.42486858	0.63318247	0.7100502	-1.0205524	0.100384615	0.043966223	-0.17070271	0.4700513	-0.14153211	0.5296733	0.1448244	0.61322176	-0.82530147	1.8800188	-0.8184708	-0.7390123	1.0764885	-0.7773098	-1.0296683	0.20417066	-0.20057349	0.021307908	0.11996798	-0.027060507	0.21244155	1.3151584
1.0975316	0.19655032	1.1695938	0.37479863	0.4736251	0.8511	0.5324194	-0.8963496	0.31599596	0.51719886	-1.363808	-0.3516661	0.5473302	0.39349627	-1.6736339	-0.7984704	2.1214921	0.18029292	0.96410656	1.3282039	0.041563123	0.35358685	-0.4973113	1.3172812	-1.6801605	-0.5590429	-0.8453395	-0.63906467	-0.5996573	-0.3593929	-0.936703	-0.8513754	0.018048763	1.3180751	0.32223514	-0.3612097	0.9560416	0.28834257	-0.39278337	1.0310997
-0.51248515	-0.14800826	0.6014873	-0.73547316	0.09967931	-0.30638015	0.881138	-1.1094306	0.36159414	0.24005628	-0.61041445	-0.30709028	0.8649671	0.45803806	-0.36209324	0.1356436	0.45298997	0.37199935	-0.3905094	1.1988099	-0.10783776	1.1208085	-0.79105103	0.15103696	-1.0188543	-0.24442825	-0.6490584	-0.49456686	0.53377116	-0.8503858	-0.7405931	-1.5640477	-0.8244573	1.0391461	0.3235606	0.11376641	-0.6674007	1.0889784	0.6422508	1.0086133
0.120121405	0.6019341	-1.099752	0.2610035	0.3738804	0.33214188	0.13566025	-1.5479071	0.03933718	-0.11840896	0.15851708	0.9353072	0.95246	0.66194075	-0.761255	0.037324667	0.06099551	-0.56404054	-0.4820874	1.5809575	0.6669871	-0.3526518	0.4959109	-0.2978898	1.0046216	0.07321473	-0.017271388	-0.35030335	1.6838934	0.15669258	-0.14581826	-1.3102269	-0.6225026	0.1652135	1.0250903	-0.7172285	-0.8982818	-0.8434034	0.1002175	-0.8113241
0.066047326	-0.86794627	-0.07304087	-0.3769041	0.5977853	-0.10014219	0.39247656	-0.40010622	-0.7806293	-0.56961435	0.9583893	0.3399002	0.19233176	-0.19968167	1.2685579	0.83870953	0.5022136	0.8266826	-0.37317294	0.13395329	-0.44340497	1.2323039	-0.70246035	0.18957508	1.0979569	0.61431676	0.044797778	0.42926392	-0.84062976	0.08090944	0.8400088	-1.3307426	-0.51056445	-0.073347926	0.19812341	-0.011874008	-0.23263784	-1.2168256	-0.56347436	0.20948148
0.6942568	1.0749792	-0.62270117	-0.21209267	0.3103899	0.27412832	-0.72442555	-1.0320652	-0.15861255	0.094500534	-0.44062117	0.0103938095	0.20651977	0.85662216	-0.93609875	0.54563457	-0.01941252	-0.24911852	1.0629339	1.0279502	0.012884169	0.04670993	-0.18578856	0.029246844	-1.0495782	1.0343457	1.3268514	-0.32577962	-0.7431557	-1.229531	-1.7544146	-1.1882858	-0.4889413	-0.77724725	-0.13413097	-0.82534546	0.1883419	-0.21470325	0.59916586	-0.5404088
0.6470699	0.9229609	1.9827517	1.4151565	0.44465065	0.30812782	-0.5304354	0.5215126	0.77159667	0.28222397	0.44203845	1.0243313	0.043862082	-0.018486006	-0.56152415	-0.18785326	0.40803406	-0.29524672	0.030465404	0.22701654	-0.75647163	0.30836898	-1.4794744	-0.026817862	-1.738526	0.6585349	0.35524902	0.78358454	-0.945876	-1.3156201	-0.12037123	0.50700814	-1.0874561	0.2887541	0.3930087	-0.34138066	0.54370195	-0.8822788	0.051479507	-0.4098663
0.2848009	0.17420994	0.8284606	0.24637829	-0.8793727	-0.6913058	0.2528977	0.07804232	-0.47548065	-0.37508166	-0.54171324	0.19545035	-0.42615598	0.34328988	0.870674	-1.0815618	0.015688265	-0.48928854	0.58529776	0.5615939	-0.17497559	1.3766714	-0.6384863	0.25777748	-0.7664081	0.21220165	-0.27084503	-1.136816	0.7200217	0.24559988	-0.9005063	0.25538632	-0.7245588	1.6563022	1.5844129	-0.7607359	-0.5228762	-0.54891884	-0.6408136	0.6799074
-0.6123272	0.029651396	0.91123235	-0.028323134	-0.7137503	0.36563924	-0.020056233	0.6077506	-0.8474249	-1.4036832	-0.36769742	-0.274033	-0.22254506	-0.12999354	-1.4732542	-0.72509354	0.01917267	0.9948781	-0.41184807	-0.39512044	0.6860054	-0.9040073	-0.41747713	0.036178015	0.66308165	0.4415878	0.16947629	0.64488405	0.34729722	-0.035493165	-0.6484052	0.066645846	0.019629115	0.85372084	-0.5566896	0.12113324	-0.18262085	-0.25366902	0.7625854	-0.651068
-0.9494793	0.6296479	0.27691102	1.3551751	0.6712121	-0.022095956	0.5986077	-0.6166952	0.18807565	-0.17524835	-0.74988586	-0.24726978	0.832761	0.2747561	-0.36635447	-0.03727129	0.15846011	0.53844994	0.54177445	1.096944	1.0181868	0.09990971	-0.78189427	-0.28863525	-0.47085473	-0.58415014	-0.36507487	0.47264516	0.12827851	-1.0560268	0.33604956	0.084247984	0.112752266	0.68513024	0.5914096	0.2775231	-0.6981191	0.17186314	-0.5079898	0.5079549
1.0051097	0.27223685	-0.07904596	-0.10226637	0.21343768	1.0680294	0.023508333	0.3115788	-1.0272207	-0.093775995	-0.13712013	-0.034938857	0.14774257	-0.24323831	-0.061941814	0.023496332	0.7594441	-0.5405219	0.91891384	0.2573244	-0.22003517	1.414064	-0.09839763	-0.33597672	-0.6054518	-0.72825027	-0.6602565	0.46827403	0.5019572	0.3718921	-1.2454108	-0.19974191	0.4809328	1.1201159	0.43876755	0.20901816	1.1018656	0.3499605	-0.43197498	-0.8777572
-0.1402319	-0.08665494	0.14933157	-0.32348144	-0.14735904	0.5724612	-0.44159204	-0.4551465	-0.6259999	-0.30958995	-0.5406108	0.35411054	-0.052454777	0.5783535	-0.834072	-0.00057970197	0.23634526	0.2072449	0.04099543	0.3664144	-0.24277608	0.10536078	-0.09485715	0.035623785	0.41055804	0.12248702	-0.18321832	0.16722672	0.23375526	0.66166484	-0.4501181	0.0041110185	0.16101159	0.11095098	-0.370506	-0.073399015	-0.23363763	0.5885642	-1.0409502	0.52867067
0.3625392	-0.42424303	1.176792	0.78206843	-0.5951983	0.07869974	-0.15636869	-0.005635463	-0.44925377	-0.088787384	0.31842884	0.045137875	0.24547018	-0.5785459	-0.33691248	-0.4122027	-0.38557073	-0.73950946	-0.5326696	0.13811138	0.31748942	1.6241732	0.116678156	0.28447932	1.1132419	0.24521258	-0.9031415	0.5668467	-0.2612923	-0.6362909	-0.062040158	-0.058593106	0.40376332	-0.2175566	-0.70054203	0.13164333	0.5533621	0.34439185	-0.41336164	0.0028790275
-0.022961821	0.02748221	0.77696055	-0.5264741	-0.11138064	0.026797963	0.29834577	-0.16538826	0.034588624	0.4912525	-0.46577823	-0.25755337	0.28081325	-1.1681092	-0.8213542	-0.09254494	-0.64119375	0.8006551	-0.45290112	1.0062637	-0.1717926	0.6862263	0.102094464	0.543636	-0.090578154	-0.2109276	0.34618562	-0.01901868	0.1954693	-0.659408	0.47063917	-0.31470367	0.29481465	-0.15276411	0.0031612602	-0.3767544	-0.43102893	1.0089221	0.38321954	-0.4974803
-0.05228636	-0.0505936	0.07362215	0.04474343	0.02408441	-0.17710142	-0.026345966	0.013796592	-0.10794621	-0.48968604	0.25294927	0.757707	-0.30738306	-0.6830761	0.24516506	-0.065102994	0.58568895	0.09860332	0.649795	0.41220856	0.3848541	0.0868466	-0.30249804	-0.17152436	-0.09174585	-1.0228221	0.42004663	-0.015126281	-0.18774739	-1.0764745	-0.43564487	-0.58245206	-0.7617036	-0.2728847	-0.35660303	0.7193586	-0.50884914	-0.28331858	-0.23284207	0.121950254
-0.5820739	-0.6246022	0.11309276	1.9455824	0.44280642	-0.3038019	0.3210158	0.048970647	-0.04705899	-0.3792141	6.6393666e-05	-0.18499064	-0.17918085	-0.38528597	-0.26213077	-0.25827953	-0.06083261	-0.44378594	-0.13741556	-0.57892364	-0.09060245	0.3604994	-0.027246857	0.64642656	-0.38496712	0.3807036	-0.6379669	0.8881492	0.52881587	0.53324497	-0.13936692	-0.5911651	-1.3024181	-0.010455881	-0.42408898	-0.5016664	-0.2489038	-0.2530922	0.47095045	0.60240483
-0.24982744	0.17273429	1.1979465	0.41417736	1.1349735	-0.41719902	0.6763371	-0.01612951	0.471711	-0.24079639	-0.84472173	0.59838116	-0.10732277	0.18718414	0.91413385	-0.5297043	0.7700323	-0.049945958	-0.37943837	-0.0020565458	-0.1376316	0.9174848	-0.24906027	-0.21847512	-1.5441391	-0.34431762	0.14211352	-0.89596504	-0.29167822	-0.6798082	-0.3551503	0.63536817	-2.297986	0.25631115	0.15560393	-0.87881047	0.21510644	-0.2361858	-0.73460346	0.19170603
0.35733995	-0.20056574	-0.95342153	-0.26051074	-0.3833536	-0.11709256	-0.4122929	-1.02363	0.24943255	-0.094725	-0.80210114	-0.4272666	1.0034463	-0.521255	-0.2913164	0.30257335	0.6176693	-0.73812246	0.59048647	0.99767303	0.05224192	0.5143626	-1.2519523	-0.84760815	-0.21265602	0.61451674	0.7630551	0.20443392	-0.7005072	0.08981127	-0.5377216	-0.36240938	0.2910882	-0.61449903	0.062046956	-0.8675296	-0.64965814	-0.018062497	0.60377604	0.63174933
-0.40036467	0.06934406	1.3517632	-0.7426313	-0.067544185	0.83992535	-0.22983836	-1.5274862	0.19565775	-0.38446176	-0.44022837	-0.53092253	0.2763983	-0.9769566	-0.11040801	-0.011071186	0.24840151	0.2597257	-0.20580389	0.28264964	0.27071306	-0.10230992	-0.14108062	-0.13683762	-1.6039194	-0.68306744	-0.47718355	-0.013103386	-0.49536422	0.49821314	0.30497432	0.22313309	-1.3763323	-0.032181706	0.9361078	0.5333005	-0.4211955	0.13432536	-0.8534236	-0.4182654
-0.70791894	-0.07925288	-0.22487053	1.0003864	-0.37220663	-0.22185066	0.080585785	-0.97033006	-0.027504297	-0.14624904	-0.27715543	-0.18965529	-0.14135607	0.59555453	-1.0090744	-0.13470894	0.19939889	-0.19241828	0.0278106	-0.088158496	0.24690203	1.2385535	-0.11724302	0.1623918	0.934189	0.0042683734	-0.4481072	-0.323966	0.7036924	-0.17661892	-0.3986837	-0.7427829	-0.7267704	-0.11275678	-0.2262954	-0.96196073	1.0569276	-1.6240458	-0.65556884	0.4384774
0.36002123	0.19589108	0.4102741	0.4511472	0.88757575	1.203029	-0.06056373	0.49417132	-0.42463848	0.13687372	-0.3077246	-0.24537207	0.9256703	0.07744935	0.19532342	-0.49601272	0.12434753	0.03617762	0.8620729	0.4845624	1.1821628	-0.062983915	-0.38102847	0.49960357	0.35851324	-0.44101936	-0.758725	0.28165668	0.4719358	0.75553167	0.5036556	0.8035722	0.12804583	0.9209611	1.1828703	-0.21750897	0.10001392	0.25855333	0.22186022	0.74027973
-0.1142523	-0.44738466	-0.6422603	0.052644316	-0.21217398	0.6943677	1.3234019	-0.46089882	0.5884753	0.43391362	0.29470533	0.09920983	-0.6862408	0.23965523	0.083122835	0.08276631	0.46649507	0.2543415	0.33712825	-0.07654766	-0.050067313	0.26316515	-0.09457899	-0.30475566	-0.6236564	0.22880445	-0.37149385	0.41842306	0.5295143	-0.39901412	0.18931343	0.34488806	0.32906076	0.48061898	-0.16763598	-0.13620698	-0.5998093	0.14979066	0.38110206	0.048401948
-0.49095988	0.40773776	0.034354266	0.34505168	1.1500268	-0.12260141	-0.46458647	-0.4484788	-0.7881352	-1.1023622	-0.15908092	-0.28833535	0.70999235	0.023564916	-1.6075485	-0.17101963	-0.5535374	0.67379946	-0.14568083	0.42307904	0.7612782	1.22035	0.55802095	-0.49222308	-0.8312195	0.9937057	0.46992263	0.4797066	-0.5915564	-1.0299238	-0.59652954	0.3790391	-0.64640856	-0.20947936	0.047770496	-0.24346147	-0.6696462	-0.56995726	-0.73162216	0.12253852
0.16470988	-1.0066944	0.08999067	-0.16354044	0.04343906	-0.2351193	-0.28157485	-0.25165945	0.01626766	0.21094391	-0.21743403	-0.19495977	0.25710592	-0.11297877	0.19830222	0.1557521	0.534761	0.10167012	-0.31083593	0.08143218	-0.3076259	-0.34610614	0.2968721	-0.36824545	0.43490046	-0.28805256	-0.52174824	-0.2583957	-0.6907611	-0.01135265	-0.553749	-0.08438505	-0.09978914	0.9089141	0.31963938	-0.21600302	0.5892355	0.4952881	0.36289057	0.6362553
-0.4650003	-0.30808353	-0.7920311	0.19216216	0.62638974	-0.26896474	-0.18746173	0.6313501	-0.9710338	0.31818372	-0.52840525	-0.11980837	0.028624013	-0.5372075	-0.13134564	-0.026242137	-0.5251105	-0.5004989	-0.10289272	0.22916822	-0.2879685	-0.11048499	0.21945605	0.20379688	-0.5378834	0.19051129	-0.30161557	1.205611	-0.8955404	0.33243337	-0.2290075	-0.38906804	0.18613787	-0.8810109	0.49496374	0.10412355	0.09538586	0.7205675	-0.031074846	-0.2086204
0.028714385	0.2403449	0.041556112	0.43468818	-0.35560867	0.03344417	-0.07250448	-0.14568986	0.6839975	0.060710672	-0.05048428	-1.386654	0.3296351	0.73472476	-0.13359295	-0.06289555	0.43902922	0.45567122	0.20580164	-0.07675546	0.21669848	0.3105374	0.47773668	-0.30764312	0.14421397	-0.80966747	-0.24948806	-0.021973033	-0.57594645	-0.21872516	-0.17174162	-0.22331296	0.15644455	0.9420062	-0.52666914	0.6133011	0.34219635	-0.17123905	-0.3902963	-0.1985406
-0.4867801	0.14546001	1.0496032	0.31744155	-0.017206479	-0.16338515	-0.5213098	-0.36612064	0.4108758	0.2896747	-0.38909617	0.0044326815	-0.6934982	-0.061209947	-0.3994257	0.6201339	0.43329477	-0.80565804	-0.0510236	0.09960871	0.358116	1.3917093	-0.3601928	0.35559937	-0.07041609	0.046456706	0.38713104	-0.22380197	0.20464928	-0.016586138	1.1017745	0.829796	-0.197731	-0.13139422	0.011388935	0.6627706	-0.4432248	0.6836336	-0.043824777	0.19178395
-0.08736439	0.24015397	0.5443215	0.39936528	0.3541055	-0.45344678	0.5130591	-0.71047944	-0.8552776	-0.9170795	-0.62695473	0.06739908	0.10776827	-0.090430304	-0.20765546	-0.46628293	-0.2778193	-0.055597503	0.852869	0.27315143	0.24912372	0.50351053	-0.16418885	-0.45491776	0.24903712	-0.25264502	-0.02112964	0.04126838	-0.82563466	-0.68979955	0.09847038	0.35370004	-0.67553663	-0.7525681	1.0418154	-1.0699302	-0.58322155	-0.13578968	-1.6840894	0.102062255
-0.38772485	0.7544894	0.098022744	-0.10926299	-0.12784557	0.020555384	-0.8668175	-0.27649495	-1.1949328	0.3418553	0.23816708	-0.5804761	-0.67636234	-0.023679525	0.56158286	-0.17892243	-0.5854853	-0.2154897	-0.23292622	0.06317706	-0.41579637	-0.5424992	0.062390648	-0.33393577	-0.33951285	-0.1321832	0.07413785	-0.67758244	-0.12763962	0.1772817	0.1592669	0.2868925	0.27611643	0.07948249	-0.23241447	0.07196453	-0.04333667	-0.7879099	-0.17267115	-0.380874
-0.54446495	0.06757935	0.04559517	-0.49788284	0.27747196	-0.20308878	-0.816407	-0.50705534	0.42851472	-0.018537905	-0.019259738	-0.30456692	0.75430703	-0.81112427	-0.28248718	-0.23873074	0.5476515	-1.0138364	0.3316299	0.06790004	0.011385314	0.86364895	0.64149976	0.18084998	-1.0298227	0.30514374	0.7626748	0.115061775	-0.0024840657	-0.77137053	-0.03981753	-0.12253263	-0.75904965	0.036768142	0.25055602	-0.11986569	-1.2393383	0.4087054	-0.15884155	0.51915395
0.079825714	-0.57546365	-0.099962234	0.48572707	-1.4437381	-0.22427453	0.85485697	-0.38285658	-0.42226914	-0.26396257	-0.08226833	-0.28518233	0.55307794	-0.7861212	-0.509519	0.80797005	0.5801822	-0.29663503	-0.19360656	-0.4572322	-0.62912637	0.82881546	-0.34782755	-0.561405	-0.92372394	0.7816178	-0.047977664	0.16177362	0.44299427	-0.8015359	0.27496848	0.72804344	-0.14382581	-1.0056587	0.80216116	0.5046801	-0.030420179	0.27462637	-0.7111329	0.4920974
-0.2938734	0.30150855	0.3546899	0.010522527	-0.35679778	-0.38681728	0.13667203	0.7999271	0.19141048	0.33254856	-0.3994306	-0.43250352	0.44284314	0.43134418	-0.04302208	0.6080656	0.4838684	-0.37341207	0.53160757	0.8663348	0.018140215	0.003066029	0.35527024	0.097339414	-0.38385147	-0.36983916	0.2611809	-0.0038611325	0.23717523	0.15974711	0.35255438	-0.7625494	0.051753975	-0.11898243	-0.43034533	-0.6449476	0.20481327	-0.36858875	0.4199603	0.07128312
-1.2099662	-0.71493214	1.1104094	-0.21973288	0.81912297	-0.7893312	0.008043781	-0.50491005	0.35471892	0.29494658	-0.22353078	-0.014011707	1.0478204	0.38020897	0.51624906	0.27975997	-0.48683998	0.46962604	-0.10675292	-0.16829908	0.3750781	0.4711063	-0.95058715	-0.48936397	0.21378933	0.2920262	0.028146008	0.09340985	0.48480403	-0.31404763	0.5046104	-0.73183924	-0.24458025	0.5545817	-0.4224533	0.027871948	-0.6960863	-0.33342153	-0.8893823	1.0739521
-0.54299957	-0.36368603	0.3789571	0.24249583	0.4862638	-0.7287449	-0.42483002	-0.4809202	-1.2286212	-0.05165574	0.21056424	-0.75678974	0.3692902	-1.1326885	-0.5618069	-0.29661235	-0.026742283	0.46757147	0.3402944	0.10491877	0.24361056	0.31970415	-1.0711803	-0.21785049	0.36493257	-0.26046476	0.8949651	-0.48962465	0.5629763	0.40890107	0.21671729	0.12945072	0.2901392	0.6201523	0.18129207	-0.034745585	-0.23718677	0.5415858	0.5272802	-0.46595296
-0.27621815	0.384914	-0.05687814	-0.32732317	0.25446683	-0.6217359	-0.41247857	1.1475604	-0.19327958	-0.22828428	-0.17698556	0.1306561	0.060088195	0.4052808	-0.053758793	0.016107727	0.2957359	0.22325486	0.059625797	0.83849263	-0.69832283	0.30495247	-0.25972602	0.06183015	-0.67771095	0.20856968	-0.14051288	0.37333587	0.5316575	0.2775322	-0.34956014	0.21268088	-0.14052847	-0.5030752	1.2684941	-0.23026554	-0.45306826	-0.2080067	-0.45431778	-0.29526624
0.11887712	0.035610598	0.7146297	-0.29299983	0.7377403	-0.8180385	0.40506998	-0.8192957	0.6935929	0.43461302	-0.22361447	-0.09016566	1.094595	-0.13068718	-0.82759196	-0.12034491	-0.14181119	-0.20964876	0.67842644	-0.030937742	1.1709024	1.0976398	-0.22641903	-0.30579692	-0.22724143	0.31676447	0.460557	0.277027	-0.3697785	-0.49860892	1.1592647	-0.4959894	-0.24360964	0.1331354	0.7910867	-0.06999922	-0.6627832	-0.025096016	-0.45814452	0.6028354
-0.25260586	-0.55026835	0.25132647	-0.20560336	0.08605302	0.6281425	-0.007675136	-0.39054856	1.5014942	-0.43057388	0.75873035	0.5969426	-0.07632702	-0.20783389	-0.13430843	0.046025697	-0.19441374	-0.0030490546	-0.2980367	0.40127653	-0.5994605	-0.21758708	0.5096711	1.297647	0.4842578	0.17547604	0.36404246	0.34789735	0.23212202	0.56485456	-0.39697924	-0.46589452	-0.34819013	-0.29528958	0.23860468	-0.29260725	0.538189	-0.8826216	0.08386391	-0.25711718
-0.59575367	0.40915585	1.1032121	-0.5665065	-0.5720067	0.14595425	0.32543325	0.19216737	-0.13731232	-0.9305293	-0.1503807	-1.3712227	-0.35740176	0.5515911	-0.8506017	-0.61713874	0.20934804	0.05759561	0.38054964	0.13920617	0.35562828	-0.344901	0.55282366	-0.40344253	-0.3472394	0.6259061	0.5506559	0.31002918	-0.7414295	-0.2075413	0.16816661	-0.036106773	-1.5753419	-0.114036165	-0.082452066	-0.56134737	0.29762235	-0.17855746	0.7154484	-0.056041278
0.63433146	-0.5024871	-0.12959366	1.1399438	-0.24637982	0.055474415	-0.31629774	0.44561198	0.36968714	-0.5355934	0.7372223	0.2246236	0.21286365	-0.1985439	-0.14835449	-0.09741663	-0.4134865	-0.08508053	-0.23967369	0.27399802	0.5568001	0.115744464	0.045720033	-0.51328546	-1.1491132	0.22388348	-0.6111307	-0.25054896	0.12348991	0.56013626	0.72614473	0.014299058	-0.786274	-0.028540272	-0.41480204	-0.4999862	-0.020426288	0.66753566	-0.0025619646	-0.26302722
-0.6687509	-0.584993	0.85994405	0.732914	-0.029188683	-0.042042535	0.5784583	-0.9115185	0.49948013	-0.35465628	1.2036189	-0.51591057	0.8563526	0.32764274	-0.6485031	-0.1278915	0.6502557	-0.6637105	0.28350013	0.831974	0.65615344	0.46758118	-0.43090647	-0.64497775	-0.38759848	-0.040116243	0.058243193	0.60266733	-0.062185742	0.019842513	0.49197403	0.60000765	-1.4533374	0.06448855	1.1818172	-0.045868598	0.009145942	-0.7032428	0.38074595	-0.096433505
-1.1868674	-0.14621961	0.3423651	0.56222385	-0.92806613	-0.8978266	0.25783664	-0.13563365	0.4446678	-0.26052547	-0.5121728	-0.49124348	0.2595591	0.49339053	-1.06294	0.49189252	0.77483094	-0.3669123	0.7672831	0.5401262	-0.4521668	0.043280013	0.21064764	-0.0858835	0.0336081	0.61109483	-0.42333525	-0.067594565	0.23150043	0.2903918	0.5413895	0.22622092	-0.9771628	-0.26508105	1.3630456	-0.36136174	-0.7224384	0.04153041	-0.05621502	0.2645173
-0.23473075	-0.64251757	-0.2723396	0.08472282	-0.2027462	-0.3756167	-0.4562488	0.50301576	0.09640468	-0.4968918	-0.29532772	-0.27067515	-0.22390975	0.60801786	-0.18129957	-0.21449444	0.20942527	-0.017336033	-0.26690042	0.5623194	-0.33132404	1.1097989	0.39243442	0.19697328	0.5245727	-0.37140986	0.47833198	-0.24581857	0.4310708	0.010141603	0.18055524	0.7852292	-0.8849859	-0.36172852	1.665858	-0.76499224	-0.47453374	0.035635903	0.42392072	0.05519239
0.17957906	0.3120111	0.5308705	0.59976614	0.012648157	0.058256235	0.7454631	-0.12407281	-0.5514444	0.55739695	-0.7746968	0.106238365	0.312534	-0.17510526	-0.7563988	-0.6172683	-0.05029034	-0.17553946	0.645426	1.4848557	-0.4279155	-0.3942254	-0.1184041	0.31565255	-0.39667052	0.021618538	0.30282414	-0.60776186	1.4774948	-0.039560787	0.13239375	-0.038234282	-0.43824342	0.8552236	0.62558144	0.16493224	-0.70844537	0.05448971	-0.7579053	0.009476194
0.025330361	-0.6047313	0.7600151	-0.07886985	0.47096115	-0.0137520125	0.38602075	0.09392453	-0.48111433	-0.7696459	-0.44139248	-0.013359042	-0.45696524	0.82786864	-1.1386255	-0.23796223	0.65363777	0.017748814	0.34618884	1.6613659	-0.23586689	0.65195376	-0.21485513	0.02026679	-0.49461618	0.052596327	0.3228337	-0.09080429	0.2378545	-0.13003996	0.064533465	-0.34315276	-1.1770756	0.7006514	0.7785819	-0.47398862	-0.22747672	-0.96050787	-0.44571307	-0.06910728
-0.17869778	0.2276925	0.64471024	0.32559034	0.3624378	1.0065007	-0.36083478	0.0020166151	0.57746893	-0.10761352	-1.2733132	-0.105492875	0.39025503	-0.21661445	-0.29805982	-0.11125556	0.26591617	0.36441138	0.14662421	0.86110336	-0.27568144	1.1350412	-1.2845464	-0.8636275	-0.19354954	-0.4283772	-0.63084245	-0.017101778	0.12516789	-0.20333546	0.36820757	-0.57473093	0.7136813	0.15839697	0.95738786	-0.043533675	-0.89796627	-1.0639211	1.0946914	0.5376748
-1.1103393	0.035115276	0.059797533	-0.048076585	0.06851363	-0.26745686	0.41023237	0.09840474	-0.29249626	-0.27278692	-0.44901112	-0.48198515	0.4731541	0.09105067	0.17728074	1.0334058	0.1689304	-0.15376426	-0.9506395	0.09073482	1.2490258	0.39257276	0.2650124	0.31174007	-0.18861046	-0.6806851	0.2323391	0.2656042	0.86364967	0.047626562	-0.9135969	0.21529551	0.048466444	-0.2421312	0.19625255	-0.14778866	-0.53478014	0.03836472	-0.41143766	-0.6133492
0.6690668	0.2751746	0.52511907	0.072467454	-0.14865303	-0.09728393	-0.183708	-0.22824797	0.134314	-0.03339235	-0.18957888	-0.02771335	0.21707596	-0.4033535	0.030324455	0.48820844	0.9962568	0.08048473	0.23194993	-0.6903028	-0.19777054	0.79868656	-0.74362624	-0.17390662	-0.28676075	0.3054612	-0.25948125	-0.5825052	0.1301132	0.6563876	0.33969688	-0.318082	0.2314568	-0.3320958	0.6868295	-0.35324484	-0.58338314	-0.18745098	0.104812294	-0.13755892
-0.10458337	0.34781757	1.0043563	-0.057706974	0.6423871	0.1727054	-0.48302695	-0.34087545	0.2566501	0.4265779	-0.05131601	-0.49042395	0.28174338	0.13609247	-0.5572813	-0.59197503	-0.272828	0.022466905	0.6177468	1.4200253	-0.15175441	-0.06850021	-0.8540678	0.043491032	-0.052527186	0.29444465	-0.3674938	0.50219375	0.51172554	-0.891435	-0.21516581	0.19329782	-0.523566	0.0077856886	-0.0066945404	0.27405474	0.08951727	0.7183796	-0.057732955	0.09188662
-0.80362123	-0.65046084	0.086142644	1.0359889	-0.41760832	0.07217966	0.061705798	-0.6106243	-0.23429541	-0.23004055	-0.19121958	0.1320624	0.19552033	0.20382191	-0.90078646	-0.0026696543	1.4693086	-1.0798354	0.49238232	0.30673438	-0.6198288	0.6780967	-0.013816676	0.3167506	-0.93284553	-0.28894666	0.05290355	-0.9871953	-0.13020661	0.065205194	0.3056848	0.33210054	-0.6692886	-0.4186455	0.59446	-0.21286672	-0.52848095	-0.05787403	-0.12286728	1.2158618
-0.69658476	0.6855813	0.8509992	0.9427023	1.0734168	1.1904474	0.3860297	-0.14661817	-0.14478612	-0.3594205	-0.5122397	0.36730018	0.09123222	0.35770229	0.37115553	-0.49393138	0.45315653	1.2448745	-0.08400194	0.21269915	0.7109039	0.24695976	0.50621516	-0.21621756	-0.28749797	0.60420454	0.003101004	-0.4843095	-0.2733327	-0.7831732	-0.690825	0.42918205	-0.17867035	-0.14378174	-0.24815756	-0.4016356	0.08017895	0.22057179	0.81341314	-0.9541316
-0.5447511	-0.33140415	0.5844856	0.49842507	0.0329274	-0.03261714	-0.17946583	-0.4521915	0.015213483	-0.14413501	1.0252842	0.68994045	0.023334997	0.14519268	-0.9036146	-0.07983769	0.8731409	-0.20032255	-0.45911	1.3569138	0.16820253	1.4287745	-0.044737536	0.68391675	-0.31154028	-0.6475357	-0.8980309	0.7292909	0.26224518	-0.47283968	-0.4777334	-0.23707925	-0.6169131	-0.1337826	-0.068911575	-0.21401681	-0.6899538	-0.23665738	-0.026594354	0.49735263
0.05827916	0.19107096	-0.52543724	-0.80589026	0.29627064	-0.48182786	0.97817546	-0.55035585	-0.04151723	-0.45122486	0.77252656	-0.06777774	0.8593348	0.9462925	-0.05779493	-0.051481362	-0.29781166	-0.12448096	0.21949337	0.33118013	-0.08926208	1.5032891	-0.8012749	0.1323731	-0.6667586	-0.12358445	0.44494405	0.5187042	-1.0301535	-0.30554143	-0.076702826	0.016551226	-0.7889529	1.0853074	0.483505	0.5691192	0.8409691	-0.29101697	0.31070176	-0.06436829
-0.32276583	-0.3347829	-0.09679599	0.13620725	0.47700128	-0.28891465	0.01456769	-0.7181667	-1.3329481	0.2400492	0.20661384	-0.62986124	0.8714363	0.14370966	-0.92520064	-0.43910322	0.38197854	-0.2660443	0.5296825	-0.16710131	0.1131875	0.0931334	-0.0038108358	0.5815247	0.18689665	-0.5957527	-0.07523794	0.30940118	0.41822508	0.5113575	0.3947628	0.53705573	-0.4607279	0.23256506	-0.2075381	0.76912385	-0.84723467	-0.8731955	0.51598257	-0.51289976
-1.0056127	0.22897379	-0.3702123	-0.07630968	0.17106053	0.55246836	-0.86696064	0.91577625	1.0784258	0.26921758	0.41291937	0.08054472	0.33118257	0.32321548	-0.7865973	0.17413779	0.76828825	-0.950433	-0.41104585	-0.08224024	-0.07313868	0.7109713	0.41417003	-0.11428942	1.2075605	-0.22298127	-0.024378417	-0.1623541	0.6098683	-0.79255134	0.48129508	1.0536081	-0.09351583	-0.029948313	0.015798854	-0.24107888	-1.3269143	0.06949513	0.001624375	0.38420296
-0.24657445	-0.6493482	0.23629937	1.0074438	0.43794614	-0.026984172	-0.4811706	-0.3623715	-0.31939086	-0.95144755	-0.05281594	-0.83791447	-0.55580777	0.15403667	-0.3388985	-0.4131677	0.30624372	-0.08555409	-0.36756828	0.9174537	0.9263965	0.1763558	-0.24336971	0.15272106	0.18686777	-0.6567479	-1.0101238	0.8476171	0.12174423	0.15803577	-0.026888598	-0.17333418	0.15835363	-0.58867025	-0.41259077	0.33384585	0.17285728	-0.3163554	-0.0822955	-0.374934
-0.75846463	-0.26298347	0.42044657	1.0189112	-0.3492992	-0.35378766	0.6461815	-0.9742031	0.21874174	0.083557926	-0.31323543	-0.20492025	0.3360204	0.10898153	-0.8282187	-0.506933	0.14075595	0.29908004	0.16917104	0.49226195	-0.037703983	0.28998476	-0.7799059	-0.0144117875	-0.301285	-0.7274288	0.6099755	0.5606837	0.69672275	-0.6430593	0.3166355	0.22388263	-0.51142925	0.014730858	1.2815692	0.122645386	-0.4098776	-0.5728321	0.09156633	-0.18871026
-0.53383315	1.0557324	0.07462964	0.6126668	-0.011897978	-0.20327297	-0.2912875	-0.06342979	-0.53172064	-0.6580725	-0.066934094	-0.06098257	0.6384214	-0.24058075	-1.0672971	-0.1300642	0.20691644	0.62161225	-0.08355195	0.97669363	0.44159627	0.32157394	-0.45166817	0.086400576	-0.8009014	-0.54076815	0.098101	0.0434769	0.7033691	-0.8265669	-0.21635844	0.14294387	-0.28508928	-0.6050042	0.19287144	-0.68560123	-0.75826484	-0.021031728	0.109779365	-0.0314488
0.44343403	0.19585928	0.7380403	-0.054915164	-0.19239058	-0.33369356	0.12848072	0.20572859	-0.23942943	-0.5836614	0.20368947	0.34328604	0.0033420615	0.98286235	-0.16223902	-0.17377935	0.49914697	-0.7991466	0.9091419	0.024276467	0.7870698	0.31465974	-0.4983051	-0.31454518	0.13758902	0.5087455	-0.07387595	-0.31693548	0.8184839	0.5767081	-0.057185482	0.53144985	-0.5536196	0.4423015	0.15638657	-0.066236	0.024936844	-0.77601963	-0.17320058	-0.1314278
-0.6894876	-0.4111589	-0.035178505	0.21657437	-0.3119331	-0.24718568	-0.5005516	-0.9661065	0.2410329	-0.37651163	-0.00019063106	-0.11913795	0.7862916	0.18022433	-0.47015095	-0.7870028	0.006705617	-0.36547926	0.079242095	1.4718094	0.31807336	0.7727739	-0.6418645	-0.28128955	-0.6781763	-0.6725574	0.729063	0.5569836	0.11774888	-0.86187893	0.1409406	-0.0020131269	-1.7532628	0.26818103	1.6213081	0.023861485	-1.1066655	-0.4723199	0.6385892	0.69086033
-0.27616793	0.6090094	-0.12628897	0.543712	-0.547411	-0.61954135	0.106161974	-0.72332615	-0.13406953	0.32614404	-0.59872234	0.4410046	-0.2159845	0.17048615	-0.60773194	-1.2314919	0.3740251	-0.38969117	-0.027129639	0.5516714	0.62682295	0.46579382	-1.1015306	0.5664828	0.041318577	-0.84307903	-0.1734422	0.17792404	0.51226556	0.25584483	0.17891715	-0.17651288	-0.4071891	1.2023197	0.49988568	-0.10138403	-0.5190172	-0.40473434	-0.07143634	0.075086646
-0.26713023	-0.81476855	0.36425	0.02817949	-0.17008395	0.4363467	0.12437187	-0.33643824	-0.5110761	-0.48099503	0.0713189	-0.3754483	0.9520485	0.60084385	0.11419264	0.27937213	0.8097004	0.8758676	0.26258194	-0.88363516	0.097903356	0.8452221	-0.09977776	0.4349809	-0.0340826	-1.3232679	0.24529515	0.8907005	-0.27956238	-0.76939493	-0.01534174	-0.27670953	0.15946533	0.02891808	1.0820698	-1.4861387	-1.5594944	-0.7510819	0.6470978	0.33189258
-0.16407746	-0.5272385	0.058594037	0.7581548	0.6592701	0.05468858	0.6658316	-1.0518742	0.30776122	0.421669	0.026121227	-0.48870584	0.8440455	1.117875	-0.9193426	0.299651	0.18107481	-0.43064144	0.30502668	0.8157807	0.39782253	1.0466428	-0.33583644	0.5934311	-1.3248352	-0.6425372	-0.68281907	-0.12130052	-0.2686094	-0.42974156	-0.011814302	-0.70889753	-0.7365904	0.42385975	0.4291029	-0.11218025	-0.3121034	-0.7867842	-0.04929439	0.86225826
-0.09920473	0.19269972	0.35015395	-1.0434375	-0.47498137	-0.73327136	0.49566507	-1.6248114	-0.13672526	-0.6041374	-0.8412817	0.07760402	0.6984095	-0.49052262	0.73429537	0.09210445	0.49624935	0.09575337	0.683344	0.038693063	0.02156137	0.55102324	-1.1286123	0.42841038	-0.49010137	-0.09553718	-0.22416155	0.6103722	0.225774	-0.46263543	0.7779466	-0.26598826	-0.6919262	0.8486178	1.1445842	-1.0249274	-0.9415536	-0.64460224	0.26109076	-0.59424585
-0.509123	-0.68406093	0.0033881147	0.34097698	-0.082319096	-0.74725527	0.0028561086	-0.90843326	-0.42384404	-0.29266232	0.38017944	-0.5192182	1.161406	0.15977155	-0.69209284	-0.038557086	-0.123005755	-0.39654192	-0.20544946	0.21596447	0.4903058	0.143974	-0.657317	0.7943963	-0.40283006	-0.7279676	-0.15809032	0.5259282	0.07016255	-0.7498982	-0.97018725	-0.7622764	0.0066934396	0.944514	0.15825438	0.0521104	-1.1271756	-0.60506636	-0.07123856	0.22657058
